linkid,click,pageview,preview,total_events,click_rate
2d896d31-97b6-4869-967b-1c5fb9cd4bb8,2266,4576,1446,8288,49.519230769230774
e849515b-929d-44c8-a505-e7622f1827e9,1062,2137,751,3950,49.69583528310716
522da5cc-8177-4140-97a7-a84fdb4caf1c,891,2142,753,3786,41.596638655462186
a82e72d8-523f-43ab-9fd0-992605d54b4e,908,1736,415,3059,52.30414746543779
681d888a-59ce-4acb-b7c5-95dab0c063d9,873,1637,355,2865,53.3292608430055
23199824-9cf5-4b98-942a-34965c3b0cc2,684,1559,432,2675,43.87427838357922
c2c876ab-b093-4750-9449-6b4913da6af3,579,1391,472,2442,41.624730409777136
97105aff-3e40-4c2e-bfeb-563b55e8f5dd,549,1428,413,2390,38.445378151260506
d5317591-872a-487d-87cb-10a516643d5f,566,1155,353,2074,49.00432900432901
a107c329-5d35-4c7d-8050-50bc69ce7dbc,473,1199,400,2072,39.44954128440367
190c7170-4044-4c97-9709-926917155b02,523,1201,331,2055,43.54704412989175
fbf4b935-f961-4b13-b1d8-45ad47093559,506,1340,175,2021,37.76119402985075
a4a6c5d9-eb71-4987-9e37-762aa9fc740b,321,910,209,1440,35.27472527472528
62d8b57e-0d63-48a0-b856-546e50130534,385,677,69,1131,56.868537666174305
561bff5d-03fd-45c2-87e0-0d9593182b57,338,646,123,1107,52.32198142414861
5ffec53c-25da-436e-a84e-5695deee5e0e,261,657,143,1061,39.726027397260275
7ba36fe9-da9f-4f14-ac38-920d0346cc3b,238,596,209,1043,39.93288590604027
df57e9c4-e4db-406a-a4de-f9b5cb59fcf3,283,597,140,1020,47.403685092127304
53da9d1d-7fa4-489e-a94a-e370beebdd7f,297,583,127,1007,50.943396226415096
7c8bbf79-21c7-4b33-acaf-c8bf5a45c333,259,570,170,999,45.438596491228076
ca74d4ae-51ce-451d-8bd7-809443d1798a,255,575,169,999,44.34782608695652
f6d1717b-7707-4747-a048-37a36bf4048c,199,664,111,974,29.96987951807229
92eb2fcc-1d3a-49fe-a000-916f92f8dcf9,247,558,164,969,44.2652329749104
5df02edc-daea-47f0-ac73-0ca9441dfae9,240,566,138,944,42.40282685512368
cce607e4-1ecb-4ac7-9f83-eb0ce1e1e6d9,229,561,140,930,40.819964349376114
8f990f44-6a5d-4294-ab0b-f74e0a8f3b25,220,568,132,920,38.732394366197184
638b0c7a-8f87-47c0-b444-8ac66d3d7054,212,511,184,907,41.48727984344423
fd647d87-4c7a-4dd1-92c6-0e7dd7fdf4f1,236,546,93,875,43.223443223443226
eedc8702-6bd2-499a-972f-260c35f72e0f,243,545,83,871,44.587155963302756
e2e39afa-648b-4163-97b0-ce742ea67550,243,519,87,849,46.82080924855491
04ba6b17-1055-4f0e-a75e-3cdb0d0d4106,212,498,136,846,42.570281124497996
9c61dba1-9369-4ee4-a215-1d34581cd811,300,539,0,839,55.65862708719852
d58a7ad8-f1f7-43c7-90fc-02906b703089,203,497,121,821,40.845070422535215
184041ab-9c90-4c29-8b6b-6ac2261be2d3,178,483,137,798,36.85300207039337
7d5f284b-8e57-4d74-adc6-3a757aaf3494,211,498,82,791,42.369477911646584
ce48666e-1652-4541-82c4-8d4115c39325,221,472,98,791,46.82203389830508
81c63400-e7a7-44a0-9e2b-60117f828767,181,466,137,784,38.8412017167382
246b7a4c-3866-4eb2-a0bb-931c0fca7899,277,478,0,755,57.94979079497908
38390938-0454-41fa-8dce-5e3af9710ecf,154,428,114,696,35.981308411214954
41aa8dc7-36b0-4f9e-a8b4-777bf821bdbb,152,428,106,686,35.51401869158878
f563adc4-d7c6-4d70-93d0-06bab552f642,134,398,154,686,33.66834170854271
7aaf5a76-d98d-4319-a14e-bbc618248b6c,193,389,92,674,49.61439588688946
6ec91846-dae0-448e-8afe-a775547c0fad,176,396,99,671,44.44444444444444
9ca8ca2d-3507-4287-8f66-a80314dc7169,162,392,88,642,41.3265306122449
275bab3b-16d4-40a7-a674-bf6c7c5f96de,209,358,59,626,58.37988826815642
33335d11-744e-481b-9ba7-30086ca46edd,184,336,96,616,54.761904761904766
52762e40-cb7a-4a8a-beb7-03fbd6cca9f8,204,329,66,599,62.00607902735562
f33886d8-612b-46c8-8d1b-db631523f1a4,122,359,117,598,33.98328690807799
4f3fd357-b2b0-4ddb-b047-8cef495611d6,151,394,52,597,38.3248730964467
92699f7a-acc7-4262-af67-12ffbd31d17d,132,339,121,592,38.93805309734513
e0e33efc-c062-4fa7-97d1-2c3d14432455,156,337,98,591,46.29080118694362
2f6e4168-fdae-4e65-967b-220bccc68780,162,363,65,590,44.62809917355372
58802900-e783-45d7-be07-271d83efd3f8,138,355,92,585,38.87323943661972
33fbbe3c-c497-446e-a849-f9fc29b60701,138,347,96,581,39.76945244956772
c89d0bb7-fdd0-4bda-a770-3abd16b45f2e,131,340,87,558,38.529411764705884
5821fd15-f95f-43f6-b43b-2fb13c3caacf,157,353,47,557,44.47592067988669
f9829d35-cc38-420e-b206-0d53d84d117a,138,335,76,549,41.19402985074627
23e5ca95-a514-4fad-91fa-faacc4f41142,109,356,70,535,30.61797752808989
3638820f-a54d-49ac-8225-96fba9ca30a9,149,298,75,522,50.0
d50fe37d-b227-456f-a234-eb94414f6982,109,304,108,521,35.85526315789473
5bf02874-e522-44e2-9013-edb794731c56,141,314,65,520,44.904458598726116
44fba5ca-b565-4baa-bba0-c136c5042823,121,308,82,511,39.285714285714285
1cded359-7b54-4086-987e-4cae307a446f,137,317,56,510,43.217665615141954
0211bf4d-0e9d-46c2-889c-f97872280820,81,322,106,509,25.15527950310559
2a636360-84e6-4e05-8c41-bf308b1cd8c1,113,305,87,505,37.049180327868854
5d501227-1a9e-4830-ad81-e115d3879548,133,291,77,501,45.70446735395189
6add5818-33b1-4ab1-977d-435af50e9b10,116,293,80,489,39.59044368600683
c8e81e0d-6f2e-44af-b4b3-ce001774461c,127,285,67,479,44.56140350877193
1210448a-5857-4b98-86d1-5cf4bb993a08,108,283,70,461,38.16254416961131
eb64dde2-68be-4717-9762-85af891ed7db,136,262,63,461,51.908396946564885
c1cb1475-a6e8-45ae-a963-e0f3932a43cc,122,282,54,458,43.262411347517734
2fc15e8b-83aa-40ee-9f9d-5d96c6d4356c,125,249,82,456,50.20080321285141
269a0f5b-233a-4ea9-87e5-c3218cd82a33,157,266,31,454,59.02255639097744
631c210a-b92b-4218-89ae-99a9a13c6d99,112,290,50,452,38.62068965517241
580817fb-96bd-4418-9d61-6adcbf483186,95,289,61,445,32.8719723183391
fe8a3fcd-7beb-4db0-8494-5238e1e1cab3,90,302,50,442,29.80132450331126
d601f481-873f-49d5-a313-3d4aed53da78,107,263,71,441,40.68441064638783
cb8d374a-50a0-4d4b-8dba-b84892084f1a,109,289,40,438,37.71626297577855
59515f81-b5f4-40a8-8af9-f871002cd759,146,264,27,437,55.3030303030303
83ed06b2-f8c4-4a3a-b47c-5b790a042d88,89,260,73,422,34.23076923076923
69f88cfa-3a80-48f4-89ac-61fdc0cc43bf,116,250,47,413,46.400000000000006
265cc981-71bd-440c-a738-118a0f8cf12c,131,234,40,405,55.98290598290598
e588ad9d-e5b1-4750-8b34-5040a53ac4f2,107,235,45,387,45.53191489361702
f3820ceb-486c-407c-a8c4-80ac49c2391d,114,226,43,383,50.442477876106196
30ee2950-0e66-47da-87cc-056ab2de284d,110,233,37,380,47.21030042918455
52739682-3aac-490a-b4f2-4cf61e0a1202,93,212,58,363,43.86792452830189
6aebc33e-3788-42c1-be7b-c7a610ebccf5,78,192,56,326,40.625
72735803-aa4d-4b0a-ae34-8093b6c5b2eb,69,191,60,320,36.12565445026178
5dfdea08-eecf-4591-b066-b4f3b7f269d7,85,185,48,318,45.94594594594595
8a10f511-b1ad-453b-9eaa-707adf5ed4ab,91,186,35,312,48.924731182795696
03efbdd8-a128-4edb-972a-6f1476b89cae,102,182,28,312,56.043956043956044
75e1ede1-f70b-4c6c-8198-23c22092f3af,74,181,52,307,40.88397790055249
9d325586-9453-4664-88e8-cdf24c43ffa0,81,194,31,306,41.75257731958763
9d847c0e-6824-438f-9dc1-d76fca6dc87c,63,204,39,306,30.88235294117647
57d2ac39-9a54-4674-b273-6ad9cdbb135d,77,179,46,302,43.01675977653631
0ecfeb63-4c7a-4999-8da3-ad7dff007bac,59,181,53,293,32.59668508287293
b329bd67-e62e-4c16-9d65-74e068d4094b,84,165,40,289,50.90909090909091
4a44b83e-9563-4891-af3f-36fa37421db6,95,187,0,282,50.80213903743316
79be7fba-0b11-4379-9df9-4f38388af5e5,84,157,37,278,53.503184713375795
1d166e49-0c0a-4fca-9456-1b3ebf57ffad,92,185,0,277,49.72972972972973
8b48aa99-94f3-4a8c-9a56-bcc0b2ac9fa8,70,163,41,274,42.944785276073624
0b6a19c0-a832-4275-96b4-4de302b6cb4c,64,169,38,271,37.8698224852071
c95f1fc1-fab0-4c74-b3f5-52bd3684a713,260,6,0,266,4333.333333333334
b581cf43-e148-4b4b-ab27-2e893f16c1cf,73,168,23,264,43.452380952380956
0f737ba8-48f0-4eb1-b29c-01b082e75872,72,153,32,257,47.05882352941176
02f037af-0c46-4ee6-a0fa-08bc7d316fe0,70,157,27,254,44.5859872611465
aad12e68-538d-4867-a78a-7d65bfaf93d3,66,160,25,251,41.25
ebea52fd-8764-489d-a9e8-691125b4f341,66,161,20,247,40.993788819875775
6b792e40-ad88-40d6-9d42-244ea4730bc9,48,147,47,242,32.6530612244898
aa0ae23e-7136-43a9-903b-b55166bbe1e7,58,144,38,240,40.27777777777778
5014b22d-223f-409d-b442-02366786548c,69,138,32,239,50.0
4f4f5cf4-bca5-43f9-a0bc-32fa104dbabc,53,137,46,236,38.68613138686132
f0a8e55f-e00b-45c9-bcbc-1e364b3cc544,65,142,27,234,45.774647887323944
10ec9b91-818c-4b44-a04d-7a058957ee17,75,132,22,229,56.81818181818182
e1926c96-060d-4de0-b3c0-52f72a661ebd,54,136,37,227,39.705882352941174
98590adf-3c0b-4cca-8140-6d1aedad6832,62,146,18,226,42.465753424657535
6dde0f74-cb26-40d0-be7c-2d7f6b93d823,64,118,38,220,54.23728813559322
b8b00717-fea0-4f50-9159-d6fdb544b81e,53,139,28,220,38.1294964028777
7f5b7f03-2494-4150-ba6d-01f4ac2688b9,61,139,17,217,43.884892086330936
52db3420-2f56-4d7d-8b53-57ad96b337d4,47,108,56,211,43.51851851851852
5dacbf0e-f422-4a48-b432-d8d7ad5c60c4,58,130,21,209,44.61538461538462
e93cefc6-8c3e-4990-aeec-8b15e09b1fe8,49,131,28,208,37.404580152671755
c20fd5d7-669a-4d13-bd70-6a02bafb1c61,61,113,29,203,53.98230088495575
511572cd-42a5-441a-beb0-b1a09ef57057,40,130,27,197,30.76923076923077
4ba6baea-468a-48f3-a873-60d1a35544c1,53,118,24,195,44.91525423728814
47e069f1-044f-4f23-8098-1ed6648d89a6,60,111,22,193,54.054054054054056
e89c328a-f804-46bf-8b19-637e82b64618,42,119,29,190,35.294117647058826
f4da6960-c98b-4626-b7b2-6a48f846b940,60,115,13,188,52.17391304347826
ea760970-1df7-406a-8428-c3baf030a801,42,109,33,184,38.53211009174312
410b7776-c184-45ff-8896-c705e5713ddb,38,113,29,180,33.6283185840708
06dc18f9-7d6c-480a-a6f9-282bcdbb213f,40,101,36,177,39.603960396039604
bbab0036-2343-4717-8ae7-595bcb79c0e7,38,105,33,176,36.19047619047619
ceb384f8-e4b2-4034-8521-01635e02f030,53,112,10,175,47.32142857142857
76fbce3f-4465-4b01-a49d-7a963b43ca5a,45,99,26,170,45.45454545454545
fd2b29a0-936f-4093-aa91-79808db7cb1c,47,95,26,168,49.473684210526315
d2be347e-88bb-491c-9478-1216363713ec,42,100,25,167,42.0
9dfb8faf-c0b1-4b42-bb63-1fc84315d394,40,100,26,166,40.0
71339343-0574-49a6-bc1b-22f173665edb,34,99,33,166,34.34343434343434
a4cf1b2b-8f86-4ee8-be6c-a0adc4fcf32e,31,107,27,165,28.971962616822427
039399d5-1963-46af-ac8d-5eae07a42fc8,51,88,26,165,57.95454545454546
b4e48c51-87d6-4ed2-bdfb-9604450dd673,47,93,24,164,50.53763440860215
8d67930e-e893-40e9-99db-50565696a639,43,97,21,161,44.329896907216494
c40647a1-b717-439b-a3c5-0f23ab4402ea,49,86,25,160,56.97674418604651
9ab2b175-85b8-432d-8e82-f3159be870ee,42,91,25,158,46.15384615384615
adbae8d9-91ac-4f1a-a917-0caf72db460b,38,91,28,157,41.75824175824176
7f7c2474-ba82-4f43-b27c-af7de61f2222,53,92,12,157,57.608695652173914
6ecc4c50-8832-4b48-b35a-67cb17d987b4,41,103,12,156,39.80582524271845
3f8df856-e7de-46e8-ad58-65b2dc89b41d,37,97,22,156,38.144329896907216
e3e76165-f5dc-490d-a932-f31ee08e181d,43,88,24,155,48.86363636363637
a69e27fd-4db5-4815-83fa-308ca76c48a3,49,106,0,155,46.22641509433962
eac26804-da3d-4230-8e7c-9baa5728c66a,33,98,23,154,33.6734693877551
e0a76dc3-7ccd-405f-8ee8-a2c55c0e0ed2,40,91,20,151,43.956043956043956
35573248-4e49-47c7-af80-08a960fa74cd,46,77,26,149,59.74025974025974
b0b6b255-06e5-4331-8851-c7a24657fdb4,44,94,10,148,46.808510638297875
f2cc743e-da68-45a0-897f-6c2b53cc9a6b,48,90,9,147,53.333333333333336
a0c8669c-7214-4adf-a1a6-9c3384a12072,37,88,19,144,42.04545454545455
b1ffa256-e411-4afc-82b9-f9d41e569991,37,87,20,144,42.5287356321839
b068694c-1014-4404-9fc8-f81d7c65fb51,39,89,15,143,43.82022471910113
2bea57e9-32e3-4a83-b2a5-6d3c72b9d71d,32,109,0,141,29.357798165137616
8d4a17c2-c34c-4fd2-98c1-b9b561c47a20,26,89,25,140,29.213483146067414
a684364a-ab00-4e7b-8577-74fb1ae35051,21,96,22,139,21.875
29fb3f38-6d5c-4a9c-8e56-cbdf802df6b1,27,82,25,134,32.926829268292686
950cfa6f-ed68-4de6-bbba-ddf697f0eeed,25,80,28,133,31.25
37797237-a393-45b3-ac83-49c863cb78d8,36,75,22,133,48.0
d185cb88-07ed-45fd-b606-490d538fbb62,44,88,0,132,50.0
97395927-4fe8-4021-9f4e-7253a863f82b,30,71,31,132,42.25352112676056
df96edf7-98dd-4342-ad5e-78192a7d8d69,34,82,14,130,41.46341463414634
6613d200-6f39-448c-ad55-bf545c541622,39,77,12,128,50.649350649350644
1daa786c-8675-486c-8789-e6e8af73099b,31,81,15,127,38.2716049382716
0abe764a-da5a-4dcf-a7a1-05ce0df42b16,38,78,8,124,48.717948717948715
fe8f7a23-be9d-49a6-b9b5-d26823c3f911,34,69,19,122,49.275362318840585
ffd3c9e7-c5c5-4f28-b03d-cbaec33f2152,53,67,0,120,79.1044776119403
d1fda16d-f144-4887-b1ed-689af8c54e63,30,78,12,120,38.46153846153847
38eb2b71-d8db-49bb-859b-ace93cf57ba3,35,67,15,117,52.23880597014925
adb13afc-bb17-4ebd-9687-36778fb485c0,30,62,20,112,48.38709677419355
da5911ea-d783-4e62-b7d6-78673e0d966f,36,67,9,112,53.73134328358209
3a3b7164-6c26-45a7-a64b-0b1ade487d50,30,68,13,111,44.11764705882353
ffd8d5a7-91bc-48e1-a692-c26fca8a8ead,25,67,18,110,37.3134328358209
d4222091-3029-4709-b054-ae4760d8c556,32,68,9,109,47.05882352941176
db891585-33f6-48af-a6dc-7914bcadcfd6,34,65,8,107,52.307692307692314
1a8a4c5a-1b4d-4ea4-b6e3-46fdd049c885,15,69,21,105,21.73913043478261
984156c3-74f2-4777-8f19-1f9753dc7b0e,34,69,0,103,49.275362318840585
fce541bf-202b-489e-b8a0-734970be4f68,25,69,9,103,36.231884057971016
436d360b-5893-4f8e-84d5-93df533be20b,29,59,13,101,49.152542372881356
8f8d1aee-decb-46a3-9f1a-f081a3ab294b,30,60,11,101,50.0
d59af69f-10d8-4857-a851-b204c77d8856,26,62,12,100,41.935483870967744
7fcf3fce-fed0-4e90-9dc5-6d28287e53ee,24,62,14,100,38.70967741935484
c18ad316-0819-49e2-a63f-639de9a4c408,22,66,12,100,33.33333333333333
e0a04996-a01b-4c35-8cda-cadb018111f3,25,62,11,98,40.32258064516129
5d1efb00-a2af-45ce-89ab-fdbaf932c71a,27,50,21,98,54.0
1c7a22a2-6a58-4f9b-a615-5e05fa8cacc0,17,68,12,97,25.0
4bd6fbda-d0be-435b-82e3-782d0a57235f,24,60,12,96,40.0
6cc49ccc-5d2a-4725-af9d-69a77c776076,19,62,15,96,30.64516129032258
2fd3dbb9-5555-43fa-9d69-437e55f2578d,27,60,9,96,45.0
82875218-1d23-4662-a319-bb602a5da617,26,54,15,95,48.148148148148145
e9aaa390-ec48-4328-9a51-435604640f8b,26,56,13,95,46.42857142857143
92466da5-ec5d-4c0c-af9a-74213285c93c,23,57,15,95,40.35087719298245
4b849fae-e8be-4d59-bcb4-b803e4da5e67,14,64,16,94,21.875
646cb6e2-e374-435f-880c-fd9a61829214,26,56,12,94,46.42857142857143
6d539543-a448-497a-aec3-925f2993aab7,30,60,4,94,50.0
02823b3f-4a07-43de-a4a2-fa9acfc2c55f,19,60,12,91,31.666666666666664
6787b7a2-4726-4489-8a18-0beab97920c6,20,57,14,91,35.08771929824561
55b65f67-3b60-4f8f-b14b-65a4ffaa729e,20,54,15,89,37.03703703703704
b9cf3f6e-0d4c-4011-b6a2-85c953e12290,21,61,7,89,34.42622950819672
4b2165db-bf71-4df1-95d0-3929f3398a59,21,56,11,88,37.5
b8be9e55-c2cc-4988-8921-469abff8c891,19,49,18,86,38.775510204081634
902ebdda-078a-4f87-8547-af3942cb6855,26,51,8,85,50.98039215686274
c11b39a3-0692-42ab-90da-f0c7585eea71,24,53,8,85,45.28301886792453
b2cc2cdc-ae04-47dd-95ff-c5710742425a,23,52,7,82,44.230769230769226
371309b2-f2e6-4537-b9c9-e0ca0971845f,19,62,0,81,30.64516129032258
28e649e0-3bc1-44c0-9660-c9e369ab9008,21,48,12,81,43.75
ef8ddc25-fa47-4bab-8222-638d909a70be,21,47,13,81,44.680851063829785
a6f76bd9-6065-4d02-88f4-158d783e05b0,17,51,13,81,33.33333333333333
2ac33111-c816-4562-9f32-a43b0ea06911,17,48,13,78,35.41666666666667
0ea9f8bf-a144-42bd-a7b0-124e73914da4,18,48,12,78,37.5
e3818dee-32c6-4a82-a7c5-4d72eb0f3cc2,18,50,10,78,36.0
b8b6975b-df18-49c0-89e3-c9b06cefcba5,21,46,10,77,45.65217391304348
6a664635-961f-4a51-9451-d5d95c3e5861,19,49,8,76,38.775510204081634
4071219f-48fb-4752-ac99-f699137d4929,14,44,18,76,31.818181818181817
c063f2de-4355-4879-929f-52083e01b4ca,15,51,8,74,29.411764705882355
08bc2f1c-5c52-4616-acbd-de4e7a62c7bc,25,39,9,73,64.1025641025641
08f2fa0d-7f49-4dc6-af22-f224d729d25b,13,46,12,71,28.26086956521739
2a9fb276-3b57-48d0-aa01-23e2843ec57e,18,40,12,70,45.0
67f82b23-8712-49c6-a761-24700c6452dd,12,44,13,69,27.27272727272727
77affb7c-b1bc-46b0-8930-b6449d19891f,19,40,10,69,47.5
65745fc1-18b6-4f83-9e92-a8aebe1ae74f,20,40,9,69,50.0
a82495d3-5a38-4010-894f-c64fa3b9c6ef,20,33,15,68,60.60606060606061
36379c31-def5-4a0d-a67f-e841d583c019,11,38,18,67,28.947368421052634
dc8b31ce-6645-4856-bfb3-03460619474a,17,44,6,67,38.63636363636363
cc1775fc-579d-4393-a850-d2cffbc42cfd,21,38,7,66,55.26315789473685
4e282747-1d49-4929-a9a6-be2b5aac2632,12,45,9,66,26.666666666666668
dabb9f65-4c19-49b1-aaeb-db0616792358,14,46,6,66,30.434782608695656
0634f1b7-c477-4372-9031-8e892451da1b,20,36,9,65,55.55555555555556
03d964dd-dc2b-413c-af9f-46ebc7ff589c,17,40,7,64,42.5
f6558ade-23bb-4816-9ca5-ce71d447930d,16,39,8,63,41.02564102564102
0c197c54-ad5d-422f-8880-6f4a98908331,15,43,5,63,34.883720930232556
9afe6b90-b87c-44ec-a993-7c03d71b9093,13,39,10,62,33.33333333333333
09143c07-50e6-4002-907f-e656c3a46213,22,38,2,62,57.89473684210527
69d6a051-90e8-489b-9f9e-14a94b172d84,14,37,11,62,37.83783783783784
ea6506f4-33f3-4fc1-8d5b-f0025d3e4cf2,16,40,5,61,40.0
50b55b68-e7a2-44f7-bd7b-5bbfc45f12e4,17,34,10,61,50.0
f2cef536-5a20-4dc1-a973-600051bdea04,23,34,3,60,67.64705882352942
af483035-a62c-485c-8e98-257f35e23b4d,15,40,5,60,37.5
724e70eb-f6dc-4fd0-a1bb-fb3b6a883ee1,17,35,7,59,48.57142857142857
76a15ee8-2c77-4b22-a96b-3ddbd72194da,15,39,5,59,38.46153846153847
efa4cdfe-f905-4e60-9de3-17f3095a120f,17,35,6,58,48.57142857142857
ce2bcfa1-031f-47e6-af5e-aac0d58cb090,14,33,9,56,42.42424242424242
be1e9dcb-6a7e-4e9b-ba75-0c52f551e55b,17,33,5,55,51.515151515151516
cecf46de-5dd6-46d4-9760-b537c0e741b6,14,35,6,55,40.0
00829040-ee01-4409-966d-d67c7965144a,14,31,9,54,45.16129032258064
36d81618-b800-40bb-bb92-fe37d3d0151f,12,32,10,54,37.5
535220b8-bac0-435b-a03e-cf195af840ab,12,35,7,54,34.285714285714285
224139fd-a7d9-4fc6-b4c4-7dcc94ac3b07,11,38,4,53,28.947368421052634
f8d91675-dfee-4bcb-a7fb-55d70033618c,16,32,5,53,50.0
dcaa0282-674e-4980-8dca-19c0296b18ad,15,29,8,52,51.724137931034484
8b584f99-12ef-4bfb-93ec-bf1f40357378,11,31,10,52,35.483870967741936
bbfa8070-2b9c-47e7-907c-5af3e53aecef,13,31,7,51,41.935483870967744
20e69541-3844-4240-9ed7-2ab51f188907,18,30,3,51,60.0
3549278c-5732-44b2-b606-2908f4e2375f,14,34,2,50,41.17647058823529
39b4991d-4d18-43c7-be4c-992545e31f8c,10,35,5,50,28.57142857142857
16086160-82ff-418a-bdc5-ee35985c059d,15,30,4,49,50.0
77bba27c-3fcd-4514-b283-5c09c64a4723,13,25,10,48,52.0
a21eb9bb-4ee3-4cb4-8ba0-500c117cec55,7,33,8,48,21.21212121212121
339a61ec-9379-5805-aa3b-baa2f13acb43,19,29,0,48,65.51724137931035
165ee0c1-f116-42e4-818d-e22250077010,13,30,4,47,43.333333333333336
61923241-cf99-4fe2-b9ec-6cf356565842,8,30,8,46,26.666666666666668
dc1e0321-73a5-4254-bce4-57e4fa9c562b,6,29,10,45,20.689655172413794
a308faf2-b059-43d5-97a6-f334109060ff,10,32,3,45,31.25
afe8194e-5002-4e56-bc96-060bf355402d,19,24,1,44,79.16666666666666
7db28342-6cc6-4264-b873-b632aa15ba94,7,25,11,43,28.000000000000004
006af6a0-1f0d-4b0c-93bf-756af9071c06,6,26,11,43,23.076923076923077
ad3efd03-76e9-41bf-9550-1029bdb3e7aa,13,27,3,43,48.148148148148145
b8b933dd-8ff9-40e6-a44e-defeb47b0d25,12,28,2,42,42.857142857142854
37e79781-fe45-481c-9c26-7be53505a48b,7,27,7,41,25.925925925925924
8526de3b-a7b2-4a5d-8c91-87d19d62985b,6,26,9,41,23.076923076923077
199dedd7-4eeb-40f0-8fe6-7444d4650ce6,9,23,8,40,39.130434782608695
77fd2853-1b51-413d-a3a1-b6130cfab45a,8,26,6,40,30.76923076923077
caaac703-5f13-488e-abc7-c3a19cc7dd24,12,26,2,40,46.15384615384615
3c9aec9d-ad76-419b-9b1e-6ac68bd1dc00,7,24,9,40,29.166666666666668
47f54e58-af71-4580-9182-364b14b7740a,16,21,3,40,76.19047619047619
7cfb390a-568a-472a-ae9e-d800a77abe21,10,22,8,40,45.45454545454545
b6962674-04cc-4ac3-bbdd-107829ca1000,7,24,7,38,29.166666666666668
745d80d7-6dea-45d1-9a1f-fd2d710c828d,8,26,4,38,30.76923076923077
716eac15-751c-4636-83b6-37603f3224df,9,26,3,38,34.61538461538461
19c9ea97-9206-466b-864b-2c27e718ddb5,14,19,4,37,73.68421052631578
922a7ef6-8ed7-4885-a520-6b55b07697f2,12,23,1,36,52.17391304347826
16fb1e6d-1d69-45d0-a8f5-7c6325f611d6,9,22,5,36,40.909090909090914
4f7f60e2-6c6f-4b45-8f2c-b604a2c80fdb,7,23,6,36,30.434782608695656
c7ca19fe-a533-4b8a-85c7-faed28ead5e5,13,20,2,35,65.0
a127878a-09d4-48c9-a5ca-305736e5238b,5,25,5,35,20.0
e1e0b741-3076-405f-a3e9-c613a946c969,13,21,1,35,61.904761904761905
51a9a818-40d2-432d-b48a-9dcff61c6278,13,21,1,35,61.904761904761905
66c24208-4bfa-4959-a673-80cdc5577fda,7,22,5,34,31.818181818181817
1d6e5400-93fa-4e4b-8e1d-cb00080b8cff,5,22,7,34,22.727272727272727
8a276975-aa6a-4010-9708-b91f66f40031,10,20,4,34,50.0
4c402853-c65b-4ea5-ac65-04a9faf5c043,7,19,8,34,36.84210526315789
10fe34db-7a1b-4078-b5f5-60c280e1dd4b,9,24,1,34,37.5
0dd50d8e-6249-4500-9cea-8b5b4048c272,11,17,5,33,64.70588235294117
4aedbab2-d3a1-4d32-9417-9d8b094e47a7,10,22,1,33,45.45454545454545
1d6148b6-209b-4739-ae75-5e538e47762b,11,22,0,33,50.0
63fcfda6-6955-492d-8ca5-75c4828437b2,4,23,5,32,17.391304347826086
1f6d179b-64b7-4f6c-9688-be3f27a58c52,11,18,3,32,61.111111111111114
c48de149-3458-4c02-afb4-dfec3b1440dc,13,18,1,32,72.22222222222221
53992076-fdd2-4253-8d72-9670814f4db5,9,23,0,32,39.130434782608695
407c1b2a-06cd-406d-8de9-4faf1c53585d,10,21,1,32,47.61904761904761
da860428-dc84-4589-b574-0e67757d207e,8,21,2,31,38.095238095238095
22b7adaa-d1ff-4824-a947-db5d2f52cdce,8,17,6,31,47.05882352941176
c83c9d90-2ed8-48d7-8ef7-592a35607653,7,20,3,30,35.0
ab54a51a-a192-4f21-bc67-1346cc87c68a,9,17,4,30,52.94117647058824
642ad919-c6a8-4aab-9df8-5786e2cd7f57,7,17,6,30,41.17647058823529
186bd3cc-ee24-4659-9bd4-6e04c17203d7,3,23,4,30,13.043478260869565
5e203fb8-843f-4826-96b7-53a760438fa3,4,24,1,29,16.666666666666664
5c53a89a-1d15-4ecf-ba7e-8b1ef4e99ec7,6,20,3,29,30.0
285a9581-d87b-4ad2-a81f-6d6e0d818737,7,17,5,29,41.17647058823529
3c757f64-b707-4984-9b39-3846707f1508,10,18,0,28,55.55555555555556
2b30548c-f2c0-4e6e-a1f5-28da547560dc,7,15,6,28,46.666666666666664
f968eefa-4095-4dd5-aee1-41bb86ec847b,8,17,2,27,47.05882352941176
c5365aec-7332-4861-bef9-e85423ab19d9,5,17,5,27,29.411764705882355
5f5137b8-3b7d-465c-abc4-7d9ef76da11a,5,19,3,27,26.31578947368421
59547458-b707-4cb5-9a28-4ec0d49ce6f5,6,19,2,27,31.57894736842105
7a58381e-5685-4f9a-9607-6f1b70da9e55,6,16,4,26,37.5
e79f6274-802f-4c53-9113-455e310ad2f8,5,16,5,26,31.25
3efd6703-5a51-4221-b3a1-dc272644aa58,9,16,1,26,56.25
6fc9fa58-44af-4386-a951-4479f796ab69,4,17,4,25,23.52941176470588
e5575c91-3e64-4fcd-83f9-32d6743d8534,8,14,3,25,57.14285714285714
a4eae39c-94c7-481b-9657-ece340958ffb,6,15,4,25,40.0
20c6481c-8770-4ca9-82be-01c4746a118d,7,15,3,25,46.666666666666664
232f1d36-89be-5e87-b9fc-88d395b65138,7,17,0,24,41.17647058823529
3a3b453a-7dc1-547e-a3e9-443fe89bb6bc,9,15,0,24,60.0
b57d8a2d-5f7a-4d62-b996-55fa88ca0244,4,15,5,24,26.666666666666668
d949434e-9edb-42eb-925a-fedfd410d9fe,8,13,3,24,61.53846153846154
a70732bc-444f-4013-a5d8-772ea853a28b,6,17,1,24,35.294117647058826
5286b838-2903-4786-9fd7-56dc39eb621a,9,13,2,24,69.23076923076923
b3566664-5dfc-562c-a9e0-abfea6381950,5,19,0,24,26.31578947368421
4e5b09fe-2a10-425c-bfa1-ddc5d89a047d,9,15,0,24,60.0
bbe49f04-0ab5-5d29-acea-56034a085cff,8,16,0,24,50.0
f8db7f38-1ca1-4988-a618-ab3830405cf8,6,13,5,24,46.15384615384615
0e00a99f-0ae7-4705-96b9-a26f1083e789,8,14,2,24,57.14285714285714
91c6414b-26fd-4ba7-bd60-b5b348b7aebe,9,13,2,24,69.23076923076923
810b71ac-835b-486b-a9f2-ecc1b4ae3d94,7,16,1,24,43.75
9cb2c57f-f058-5457-99d2-d698af843b6a,5,18,0,23,27.77777777777778
29fbb8d1-8fe5-450f-b376-0433ac8b04a2,8,15,0,23,53.333333333333336
919bd938-8014-4672-a2c6-94487c3eb01a,8,13,2,23,61.53846153846154
41de48bf-4e42-4a6c-8056-cdda023dc695,6,13,4,23,46.15384615384615
0445bc19-0543-5871-bb03-907d7a0ee2aa,9,13,0,22,69.23076923076923
c168bf90-8437-4c06-a864-5ca52c0f014b,5,16,1,22,31.25
e3337ac8-5b80-4d72-9534-4cb0c2889f69,4,12,5,21,33.33333333333333
6836f02f-95f6-4858-8c18-aaf8f5432ec4,5,13,3,21,38.46153846153847
469d7905-2c62-4fc4-8961-4b54f1826648,5,11,4,20,45.45454545454545
aecbc826-4339-4ced-abd3-757d14eec9c7,4,15,1,20,26.666666666666668
9b374278-5943-4e1f-85f9-13946d772be7,6,11,3,20,54.54545454545454
d1e9695c-13c2-4282-9d49-336b47a7cbdd,5,13,2,20,38.46153846153847
4b4972fb-dc39-4c5e-9358-ead0e7984b37,5,14,1,20,35.714285714285715
7ef83678-21c1-4df2-a128-14cebf1ecc23,5,11,3,19,45.45454545454545
8288d1f3-7fd1-4834-a4e7-d09d41c464be,4,11,4,19,36.36363636363637
fe24ad63-e347-40db-8e75-94e573bd3d9b,6,12,1,19,50.0
31c8d249-f9c1-422a-b8bb-87b07273fad4,4,11,4,19,36.36363636363637
48055f3a-6e12-48ec-acba-599210b9a7a8,3,11,5,19,27.27272727272727
c6f162ba-4907-544c-8f88-b5a75c6855ef,8,11,0,19,72.72727272727273
cacc178a-09d7-4ded-9e71-f16f63463669,7,12,0,19,58.333333333333336
c5daacfb-91e9-4c94-990d-f0cd9a2c101c,7,11,1,19,63.63636363636363
a3cb2eb0-edfa-452b-b985-264fbf1075f9,5,12,1,18,41.66666666666667
d9a1614f-c3c3-415e-a705-c481a5cd3f82,6,11,1,18,54.54545454545454
c7d6ddaa-43ed-4afd-a34f-82ec42ec5ad0,4,11,3,18,36.36363636363637
c1aacced-a5f1-4213-9381-e5ef71e01148,6,10,2,18,60.0
da6100a8-c827-418e-b300-4457912042f2,8,9,1,18,88.88888888888889
1f17a6a3-fbfe-4420-a330-d1064cd61ff6,3,12,2,17,25.0
daa5086b-0424-4037-b5a4-12c5a68d1461,7,10,0,17,70.0
7f3d2d71-519e-47cf-9eef-016cadefcc0b,4,12,1,17,33.33333333333333
05efb4a2-2100-4629-b83f-c9eb3eebcdd1,6,10,1,17,60.0
944f4b18-5fad-4a3d-bb62-eeecb6e8a51e,4,11,2,17,36.36363636363637
d0e92d6b-cfb9-4aa6-9861-69f182259143,2,12,3,17,16.666666666666664
1b2b2386-48c6-49fb-b29f-0f3f03f3d0d7,4,8,4,16,50.0
23a30855-ff52-4cdc-8681-f305883552a2,3,12,1,16,25.0
dc91d9db-f61d-4f88-a02c-8f984e168862,4,10,2,16,40.0
c07c61f3-4936-4641-9712-1d5c11d64871,4,9,3,16,44.44444444444444
96e0091f-cc9b-4004-a9ac-e029c20e35d9,4,8,4,16,50.0
f0f68608-4009-4c0d-9bad-629f003a7414,3,10,3,16,30.0
284e441f-7d88-4d71-8194-28f94c0d0567,4,10,2,16,40.0
6a3e572b-8b21-554c-92a6-504dd9def103,5,10,0,15,50.0
36078430-58e3-5b3b-855b-cbca62a73efe,6,9,0,15,66.66666666666666
75fcb31c-77f9-4cf4-93ce-ea76932597e9,4,8,3,15,50.0
7ca4cac1-ae45-4a4f-b782-2a209f5f0138,3,11,1,15,27.27272727272727
77043b91-f27f-43f4-9afb-17567ce57618,3,12,0,15,25.0
1700e643-5185-407a-aca7-54054419bc4c,6,9,0,15,66.66666666666666
ca2a0e11-5ede-4907-9de8-9999022d2fd7,2,12,1,15,16.666666666666664
c44a1c66-eeb4-4201-bb52-ff404d762f27,5,8,2,15,62.5
6af404b1-6aab-4c6d-9a25-f6cf7454f607,6,8,1,15,75.0
d7bd84e0-510b-4d6f-ad3d-053f0f975f99,4,10,1,15,40.0
414be9e1-46a3-4fd4-9172-482f830615c3,4,10,1,15,40.0
467aa9ed-ca3d-4b3b-b1db-c98c67340368,4,9,1,14,44.44444444444444
897deaf1-63dd-5c80-9d0e-5a6e891e9fe4,3,11,0,14,27.27272727272727
795e2932-10e9-4ffc-86cc-c02872b15b04,3,9,2,14,33.33333333333333
89a44d44-a527-5d31-b6ec-ac6b683780da,2,12,0,14,16.666666666666664
7c94cc70-d04f-54c0-acf7-4a600b1ccfb2,5,9,0,14,55.55555555555556
6e6c1939-9d37-450e-aec1-2af09140bc33,1,8,5,14,12.5
9ab6e55f-5ea6-46d0-b9f8-3e855ce39ff7,5,7,2,14,71.42857142857143
22f846b0-c646-480b-b004-1376120d1c93,4,9,1,14,44.44444444444444
6dacffe9-779d-4e9b-94dd-a3e811b2983e,1,10,3,14,10.0
36c2ea76-1ad3-469e-a2cd-d397778ef1e7,4,9,1,14,44.44444444444444
aac28e23-b191-4ccc-94dc-f969320cdbda,3,9,2,14,33.33333333333333
43acca1b-432e-43c2-88e3-789818b91b21,3,9,2,14,33.33333333333333
89bf4fa3-d087-4542-bc4d-9007077ec422,4,8,2,14,50.0
a767d0da-a844-4f77-a9ce-48c6c3f1f20b,4,8,1,13,50.0
384eea4d-d23f-441b-8eb0-516378496a73,3,8,2,13,37.5
03bc453f-4ed9-53a0-b71a-06bd5c9d9e21,4,9,0,13,44.44444444444444
aa7cdfbe-4ce6-4b44-b77b-b80a0f58f41f,4,8,1,13,50.0
6274329b-984d-450f-b8c3-f6d494470ece,2,9,1,12,22.22222222222222
f32b8641-8d50-5ae5-b7e3-42e0c07ac81e,4,8,0,12,50.0
d6770303-dd82-4536-97b3-710b9d554886,3,9,0,12,33.33333333333333
98da279d-135a-51ec-b453-b8539a14739d,4,8,0,12,50.0
3de8af2a-628a-4809-af78-3cbe44e653f2,0,8,4,12,0.0
41bbaa12-c4a8-47f3-8b02-ddb218d60a09,4,8,0,12,50.0
5a5e88cd-fae9-4383-8b78-bf7f4e4f5fbd,1,8,3,12,12.5
12d4df61-a1ac-4078-b420-af3697c2bcd3,4,7,1,12,57.14285714285714
be06e351-35f5-53d8-b3b6-19db807e862d,3,9,0,12,33.33333333333333
99235f7a-89f8-5e4a-b3e0-f3ce912044b7,5,6,0,11,83.33333333333334
7ebc18e8-5e2e-512b-89a9-075dcca203c8,4,7,0,11,57.14285714285714
8669c5e4-1b83-554e-bc76-0f6fa38e5193,5,6,0,11,83.33333333333334
e79f4da6-89fd-5bcf-bd32-49eaf7f93973,4,7,0,11,57.14285714285714
0332d8d1-de5f-4c65-b8d6-5cd5d67168df,3,8,0,11,37.5
4b2d22f8-ad71-4fa6-ab3b-96c0cb0fe3fb,3,7,1,11,42.857142857142854
229f278b-f052-57e7-813d-15d25f226723,1,10,0,11,10.0
1e2233ea-e652-55f3-9e6f-f7c5bce6fc76,5,6,0,11,83.33333333333334
297fa1f6-7505-49b3-8210-a9ee2ba92091,1,8,2,11,12.5
ed2f42fc-7817-4825-b2d0-c22496a6bb20,2,7,2,11,28.57142857142857
e3de997b-6940-4bb0-bf1c-e27b72c5e41d,3,6,2,11,50.0
d1199f4d-477b-4262-9a21-293b4a309502,3,6,1,10,50.0
3fa6932f-263a-4a67-af57-e5a0d4f80fee,5,5,0,10,100.0
899f223b-55f0-5f5a-8351-3ea64d0ce29f,1,9,0,10,11.11111111111111
1cbbfe20-9290-4fd1-9638-fe4bb2ff283c,2,8,0,10,25.0
553062bd-c0df-4d3b-98a7-6ca84d6aa336,2,4,4,10,50.0
8b3650af-8896-46c8-a16c-a857d5a1f03f,4,5,1,10,80.0
4eb398ad-c055-487b-9d95-88fff5e3eb8d,4,6,0,10,66.66666666666666
e01c5cbc-0966-46cf-9189-cfa0387035c9,3,7,0,10,42.857142857142854
8c311a39-cc71-4172-b872-4be9be19e001,2,7,1,10,28.57142857142857
1a80febe-88fd-4529-bc1c-40bd88b25f5b,1,7,2,10,14.285714285714285
07448f23-2b2c-4066-aca1-ef0f87bce5be,3,4,3,10,75.0
7cf99126-2092-4b29-bdf9-a2f8ad5500ed,1,7,2,10,14.285714285714285
885e9fb7-b9f1-514d-908d-70c141edf69a,4,6,0,10,66.66666666666666
708f28d7-e07d-40ef-b136-b5c5069b5f47,3,6,1,10,50.0
29af861a-985b-4959-b287-a1cf1d538ec8,2,8,0,10,25.0
d641e341-04c4-50ae-b274-0e1d7c244587,4,6,0,10,66.66666666666666
935b9017-d3eb-43bb-bb3f-fb2dca901c3c,3,6,1,10,50.0
39765cc5-cd27-4039-b81b-513b7715072f,3,5,2,10,60.0
d1e79716-8903-4cca-9f13-9709fa97248e,4,5,0,9,80.0
d1d6c9bb-576e-59e7-88c4-8eaa42cdcf8c,4,5,0,9,80.0
46fb24cd-75cd-50de-872c-a65a68368dac,4,5,0,9,80.0
882ed1bc-0853-4dbf-8105-02558b6ab95e,3,4,2,9,75.0
27c6ad2e-f5b0-4584-a803-33111b48d48d,1,7,1,9,14.285714285714285
f5fec63e-8023-449c-9b61-21589025cf86,1,7,1,9,14.285714285714285
86287983-c405-549a-b2ac-077735d59938,1,8,0,9,12.5
205a19ca-133e-52a3-96f3-4c4b4e1f1436,3,6,0,9,50.0
06582d8a-5a00-4092-b8c6-47b34cae4b35,4,5,0,9,80.0
d806cd48-36e9-52ee-8871-b59befa3db74,3,6,0,9,50.0
f8dcf440-dcb6-40c5-b3bb-ad711c035c50,2,5,2,9,40.0
3e8a2810-2322-412a-9356-32a602b06d27,2,5,2,9,40.0
4c5bba9f-1a19-5768-81fd-9acdc7cd4cbb,2,7,0,9,28.57142857142857
93ef1926-6fef-540a-b6cc-9be7c8424b71,2,7,0,9,28.57142857142857
a11dcfec-afd2-5dcf-acdb-671817470c7c,4,5,0,9,80.0
5c6da5af-1e82-5431-b434-74a636dec365,4,5,0,9,80.0
9a2ac7de-c04f-5423-940d-570117e4ac79,2,7,0,9,28.57142857142857
e7910a05-e1a8-5012-8fdd-f04a5687157d,2,7,0,9,28.57142857142857
52f5a203-97ba-46f4-91b0-cb4def87b4ba,2,4,3,9,50.0
56c41353-cb23-5059-9c05-6586b802ca6c,3,6,0,9,50.0
ecbc59f3-24f6-4cc4-b8d0-c7ab8d626daa,2,6,1,9,33.33333333333333
e27e0d62-f246-48b8-83c5-73d25bc8dd47,3,6,0,9,50.0
8ea24180-96e7-4438-b375-10182b2f0922,0,7,2,9,0.0
f7093f02-6706-5881-b755-22450cf154e3,2,6,0,8,33.33333333333333
d62762b6-f396-5d06-9aad-fadc9d5cf10f,3,5,0,8,60.0
0121245e-5d0d-5920-9d1e-140e671c4a31,2,6,0,8,33.33333333333333
8df0aa7d-77e5-438a-83d9-a3ea9cbe7115,1,7,0,8,14.285714285714285
a1677510-13e8-422d-aae6-7cfbaafea69e,3,4,1,8,75.0
b4d3783c-0486-5844-87a4-9da8bd4364c1,2,6,0,8,33.33333333333333
6d758cbe-170e-54ac-afe8-cfee3619e1a2,1,7,0,8,14.285714285714285
d2c7bdc7-0feb-5f16-a48a-94b319144d48,2,6,0,8,33.33333333333333
5b20eaed-d54e-453c-9081-1f6cc69b7de2,2,5,1,8,40.0
b2d59e0e-2b1a-415d-81ad-2eec4607d418,3,4,1,8,75.0
912864b4-6b46-40c5-9412-d25211879ce0,3,3,2,8,100.0
358289c3-e546-5331-9618-590ea3cc4144,3,5,0,8,60.0
90c6a985-6442-5638-a1c1-47c9f1f105c3,3,5,0,8,60.0
1ab371a7-3dc5-4b62-8181-b919de7385ac,1,5,2,8,20.0
d2ea6ed4-913b-5cfb-8521-6af26bc7cba7,3,5,0,8,60.0
56ab740d-3ee1-5637-bd7b-654f9395de34,3,5,0,8,60.0
6e58e24b-c1c4-5ddf-a8d4-30baed0d9bf7,4,4,0,8,100.0
db4eca48-2e3a-4b5a-a367-0d5684672729,2,5,1,8,40.0
0893253b-8b9b-5536-b984-89d8e404b0b0,4,4,0,8,100.0
bf0475b1-f11b-5e04-a360-dbba0c87acd1,3,5,0,8,60.0
37673b8d-992e-474d-8d1a-95dc1a2d270a,0,5,3,8,0.0
f27f6a30-8f53-5d38-8136-ddd47f176976,3,5,0,8,60.0
4e6104e1-9dab-58e6-a060-ea4e5d43b19c,3,5,0,8,60.0
780dcbd6-9875-45cb-8c3b-cb2209d9fd24,2,6,0,8,33.33333333333333
f3096cab-a0ac-5618-a78e-aac518b3e32e,2,6,0,8,33.33333333333333
1568e802-ad07-4f17-9452-8482155ea567,3,4,1,8,75.0
c3dd133e-65fb-44f3-bcf3-45a209db0a65,4,4,0,8,100.0
3e63dd59-1c74-4760-b241-9b9979bb5cb6,3,5,0,8,60.0
f57dd0d4-1901-5d02-81b4-607b7686b2db,3,5,0,8,60.0
b1afc712-cf3c-48f7-9af0-41a025dd1c19,2,5,0,7,40.0
6d1db987-1a8a-4ede-8a47-2ff030caf248,1,5,1,7,20.0
7d997ba1-8408-4ae2-9e5f-590194009549,3,4,0,7,75.0
cf3f2f5b-1a26-42d8-843d-a02088e4540e,3,4,0,7,75.0
1962cfda-fbbd-5574-8403-acbee8220891,2,5,0,7,40.0
2845e2f4-5105-5aef-95b6-8b348d858159,2,5,0,7,40.0
93361052-84d3-4c5d-b876-6e92e7e3a512,2,4,1,7,50.0
13549cb5-e86d-4be5-b7a4-90d61541f869,3,4,0,7,75.0
7e8c12a3-d6c0-57e0-98b2-a589b2ef79c9,3,4,0,7,75.0
91e8ba88-49b1-5193-8e9c-9ed61705b0fb,2,5,0,7,40.0
e8745a4b-6167-4bc3-8798-19811a1d08bf,3,4,0,7,75.0
457538c1-61e2-5f7b-914c-43e85177ec3a,3,4,0,7,75.0
a1b9d580-6e38-549c-9207-f7ea6f05c4f5,3,4,0,7,75.0
ec4fbb41-9b91-5a05-850b-d6cf16a45b75,2,5,0,7,40.0
369de4f6-a2dc-569c-b84a-5340002b40d4,1,6,0,7,16.666666666666664
f8b4e04b-7cc6-45c0-900d-8f1fde17d0b9,3,3,1,7,100.0
80bebe64-910c-43f7-8f93-a2276791320f,3,4,0,7,75.0
1acdd83e-aa25-571f-ab03-86ffdf8cae78,2,5,0,7,40.0
85de285e-8c72-4fc1-a1c7-ce2f34121ca1,1,5,1,7,20.0
4ebed92f-16be-5701-85f8-4bf853620465,2,5,0,7,40.0
f65d020f-34d8-43ac-b47b-e08b27db138d,1,4,2,7,25.0
cc783307-6b92-4a42-afda-596851972adb,3,4,0,7,75.0
00de7566-f014-4d20-8616-82e4dea45b88,1,5,1,7,20.0
ce4b1f50-dcdc-4932-b4ce-30b4bb57e048,1,5,1,7,20.0
4098a135-6a9c-5e7b-b7f0-8c9060ad9499,2,5,0,7,40.0
6ccf17cb-eabc-4312-ae1e-032006c03327,3,4,0,7,75.0
f6b30860-75c2-466e-b7da-0ccabce11e11,2,4,1,7,50.0
64f0f1e6-ff92-4c73-906d-32bff6bba465,3,3,1,7,100.0
55ee40f5-673b-5b85-893b-dccc6672adc0,3,4,0,7,75.0
a5b884af-bb12-498b-8045-8a35bb520719,1,4,2,7,25.0
f1f1d8d2-3046-5753-b43b-adf95b0303c4,1,6,0,7,16.666666666666664
d92a1215-694b-5321-9c25-898dc5994e5d,2,5,0,7,40.0
ac3ce89b-8ea6-48a3-a339-8806c0cc822a,1,5,1,7,20.0
e7e288d9-a4fb-4394-b63a-66ee4a1c7f65,2,3,2,7,66.66666666666666
8b5261d7-c5f2-5d6c-b6f4-04d5585811f2,2,5,0,7,40.0
13280f2a-486f-5544-831d-643597ec4b4c,3,4,0,7,75.0
00759b81-3f04-4a61-b934-f8fb3185f4a0,3,3,1,7,100.0
25adeb31-0d59-53dc-af83-d5956f736eec,3,4,0,7,75.0
8b1239c4-850d-5cfd-b32d-9724ef9b65d5,2,5,0,7,40.0
17303bcc-3d59-5eb2-8a0d-0c41f67fc7b9,2,5,0,7,40.0
2e492597-b658-5337-acaf-81c209031ac1,3,4,0,7,75.0
01a2e44d-59e7-567a-84c9-506fbd1400c9,1,6,0,7,16.666666666666664
4ec1d2ad-384a-5ba9-88c7-0c768b4eddf4,3,4,0,7,75.0
c58ba049-90ee-5687-adda-281e853e516e,2,4,0,6,50.0
9ee05124-ce18-4061-adfb-46be5dfdfda9,1,4,1,6,25.0
b7954017-c42d-4a16-aa96-46e4fec651a4,3,3,0,6,100.0
177656c8-73c3-5c4f-9b54-2a387e6f153e,3,3,0,6,100.0
43c2432d-c3b0-5d53-8bc0-08cb4f47c328,2,4,0,6,50.0
5ae6e87d-edec-57d7-a952-aef0ac861029,2,4,0,6,50.0
7429430b-772b-5363-89b0-68d017465c38,1,5,0,6,20.0
16e9f7e4-309d-5474-98fb-983d819e4546,2,4,0,6,50.0
329834ca-c5fb-4538-ade7-4bcf6a565864,3,3,0,6,100.0
d09b74a9-153c-469d-81f7-18368360e97c,2,4,0,6,50.0
5503691c-6a30-5b19-b499-425f28351583,2,4,0,6,50.0
308dada8-fcfe-5cb1-9abd-331e4579fa35,2,4,0,6,50.0
70d55e95-469a-532b-9f0e-01102d5c3c10,3,3,0,6,100.0
2a61bca7-75f7-4b28-9529-f5c66e60e4cc,2,4,0,6,50.0
53d11ac7-c758-5d56-bc7a-e9175a930463,2,4,0,6,50.0
6becdbef-a2c7-444a-9768-cb97503650b2,1,3,2,6,33.33333333333333
70b07d11-ab07-5824-84d9-d72a1a41717e,3,3,0,6,100.0
d81e47c4-2e6a-43e2-b513-2eefde4c642a,1,3,2,6,33.33333333333333
d8b18f13-c61e-5e4a-9690-e1adeeafc951,1,5,0,6,20.0
3bacc47c-0c42-5e2c-979f-941cd438332f,2,4,0,6,50.0
ac35d9b2-8d13-58a4-8bd2-7109e62953ad,3,3,0,6,100.0
500b5c80-5ae7-5f87-9313-43a6afb499db,3,3,0,6,100.0
8528a632-fc49-4473-b151-3dd0deb13b56,1,4,1,6,25.0
eea39d66-7969-5e22-b087-94a4bfcec978,3,3,0,6,100.0
ef3f62d6-32b2-509f-9eff-0264bb330a94,3,3,0,6,100.0
8d5660a1-f80d-4626-885d-d28deebfb05f,1,3,2,6,33.33333333333333
f04be41d-5a7c-4661-bbd1-33ec22c2a74b,1,4,1,6,25.0
0bd83769-2b7c-59ea-a798-d20791933f9b,3,3,0,6,100.0
4e98f6d0-bd1b-47d7-a597-aba2dc1f01ed,3,3,0,6,100.0
a9d6665f-a497-4b75-97bf-355fe42db066,1,5,0,6,20.0
badfe160-0da5-5dc2-96e0-990f51021eab,3,3,0,6,100.0
48474a00-e4d5-5b9e-b297-181746c65fbc,2,4,0,6,50.0
2966c0aa-7a88-4397-a7b1-9a4da05efa79,2,3,1,6,66.66666666666666
e5a1af25-a144-4e8f-85f6-46161788adf7,1,5,0,6,20.0
5d0397fb-7164-5346-92ec-0d6f2c0808a5,2,4,0,6,50.0
35fed84b-5b3f-598a-993d-55c875a48602,2,4,0,6,50.0
cddfba28-2253-5cd6-856e-994d637f1c2e,2,4,0,6,50.0
f46fd8fa-a3d2-41fa-8369-d2a2dc6e3242,1,4,1,6,25.0
5eef57c7-3205-5707-8125-a389910d0a52,2,4,0,6,50.0
80368383-cd42-53fa-92d3-40854be10b1f,2,4,0,6,50.0
e0d2d919-4b13-585d-8580-faf52bd0b24b,3,3,0,6,100.0
926c452c-5189-5993-b150-31a9d619af12,3,3,0,6,100.0
05111ef2-767b-5118-8289-2204fe3510ef,1,5,0,6,20.0
90ef730b-e1fd-5eed-89eb-8d2d046e13f7,2,4,0,6,50.0
3ccf1b09-0982-5e2c-a021-dd11f41f4f9e,2,4,0,6,50.0
a4557db9-98ca-5207-b90e-7241f3781f54,2,4,0,6,50.0
7dce0523-d341-4ba8-9edb-f5d54ee78394,2,3,1,6,66.66666666666666
35cb41f3-e56b-402a-ac59-d5dd43bcd212,2,4,0,6,50.0
c1b15bb6-d9e7-59c6-a107-42f7f8fae650,1,4,0,5,25.0
2e0fc8a5-0455-5e8e-b506-9bcea6c94af2,2,3,0,5,66.66666666666666
c904c273-29ed-4077-b488-699b39d86ca1,2,3,0,5,66.66666666666666
ce5aaaa0-b457-54ca-85aa-f38d76b40ed7,2,3,0,5,66.66666666666666
bb235a61-1a94-496f-be5b-b2d38b0c79d2,1,4,0,5,25.0
29f2ce6e-8003-4578-a3b4-fcc7249c3a06,2,2,1,5,100.0
baaf1ae1-b586-44c4-abc6-ef07d8860c64,0,4,1,5,0.0
c6df0634-bc5c-582b-a71c-d39a86d57046,1,4,0,5,25.0
2da1bdea-fda5-54e8-9dba-a82bae6611f1,1,4,0,5,25.0
76544a97-a021-5f54-becb-59a8a063bea9,2,3,0,5,66.66666666666666
c7cf2771-a08d-475c-a796-f8e838622c90,2,2,1,5,100.0
3e9181f5-efa1-5098-91f0-d851073e3209,1,4,0,5,25.0
2788f9a0-598d-5ae0-8dbf-1298efc1c29a,2,3,0,5,66.66666666666666
355aa10d-bd17-5a33-ab43-3e88e2142fb3,1,4,0,5,25.0
2c72e811-eb18-47cc-b3cc-1102f77bb698,2,3,0,5,66.66666666666666
d0d1f572-19a6-4bf9-a837-1a8d62c61d38,2,3,0,5,66.66666666666666
c88cfcf2-3c1c-5353-a853-623b65e3b6a8,0,5,0,5,0.0
a2e04dc3-0832-599a-9784-b834b6476b19,2,3,0,5,66.66666666666666
d1926bde-4288-5247-86ef-f209a975c373,2,3,0,5,66.66666666666666
ada89487-b896-5bb8-9f32-95ec3b1bfa22,2,3,0,5,66.66666666666666
d7e5af9a-9e24-5ed5-9297-018882b4c95b,2,3,0,5,66.66666666666666
48b944f8-6436-4689-93ee-c24138afd0b0,1,4,0,5,25.0
5b80ee45-d34a-44be-a2cc-e0f6fd755a4e,1,3,1,5,33.33333333333333
20912e90-612d-5049-91b7-87ed0549c62d,1,4,0,5,25.0
fa757d7c-2ac5-4301-9fe7-890cd44a749c,1,3,1,5,33.33333333333333
4a52bb6e-f2e3-546a-953a-648c912db367,1,4,0,5,25.0
0434d563-6153-5178-9869-804aef569e51,2,3,0,5,66.66666666666666
a9a21c1e-1f16-4aa3-a137-28e16d76a48e,1,3,1,5,33.33333333333333
4cabf0ef-aa0e-4cf0-b97d-34cb4ecae5be,0,3,2,5,0.0
1eaa5fdc-12a7-5358-821e-deea4c8d46d1,1,4,0,5,25.0
4cd67a34-c574-54a7-9d6a-f4d9e2605ce0,2,3,0,5,66.66666666666666
13fb93c6-a2c4-5622-89bc-5513cb00846a,1,4,0,5,25.0
602a5d16-3b3c-57f9-a0e2-fa41a5af6a69,2,3,0,5,66.66666666666666
f6bcf528-268b-5b99-974b-63f5d82296e7,2,3,0,5,66.66666666666666
40ca14b1-f944-402c-9f93-f62a13ec535c,1,3,1,5,33.33333333333333
15b8eabd-a452-5789-a5c1-fad24dd768a3,2,3,0,5,66.66666666666666
64a3349f-7b92-5289-98e7-931dc05a16fd,1,4,0,5,25.0
df6aa9ec-2a46-586c-a946-bf7c36001795,2,3,0,5,66.66666666666666
1bd25fd4-4025-463d-867b-664b6ce8aac2,1,3,1,5,33.33333333333333
0b343874-b772-41ca-9d6d-4163935d4759,1,4,0,5,25.0
e14d8858-c372-45ed-a364-59af60ca8182,2,3,0,5,66.66666666666666
51e4e62e-1599-4218-8e18-c8d3e0857c64,1,3,1,5,33.33333333333333
19280c18-ef7c-56ce-945c-6c7dafd80bf8,1,4,0,5,25.0
e236738d-9b11-55da-81b3-2ac4e01c8a5b,2,3,0,5,66.66666666666666
0b07c331-27c6-5fbc-aaba-80ee5ae8f74a,2,3,0,5,66.66666666666666
9f50751c-bdb3-4e9a-8006-df890e19bbef,2,3,0,5,66.66666666666666
660ac27e-b38b-5207-b1b3-613af43571d8,2,3,0,5,66.66666666666666
538c83e0-6823-4985-8a49-4e12283d9188,2,3,0,5,66.66666666666666
0a52fd85-7bbd-5096-b0b9-ff9e0560072b,0,5,0,5,0.0
f2462f21-90f6-4e77-8e98-46531598e633,2,2,1,5,100.0
fb7b2727-471a-4a60-84ff-692eb022c870,1,3,1,5,33.33333333333333
1385a471-409f-5a62-ba61-ea3a494dbc4a,2,3,0,5,66.66666666666666
0d6d8bfd-6d11-5b2b-8d8b-8a07dc98defc,2,3,0,5,66.66666666666666
0063a982-41cd-5629-96d0-e1c4dd72ea11,2,3,0,5,66.66666666666666
ffa88c9a-4e1b-42cd-93a9-0972179c7d02,2,3,0,5,66.66666666666666
417b0c67-c62d-5bed-9c43-4231f615a04e,0,5,0,5,0.0
d2f82380-1b70-56f7-b4dc-3cb286335fba,2,3,0,5,66.66666666666666
75afa537-a616-4bbf-a639-bd9a59463974,1,3,1,5,33.33333333333333
920053ca-36c6-5776-a419-38c925f40083,2,3,0,5,66.66666666666666
426118bc-57a8-5d82-af87-98877c57d5cf,2,3,0,5,66.66666666666666
4272b93d-7aa7-531d-9b7d-08db89d951b4,2,3,0,5,66.66666666666666
b351df7c-a4d7-5e72-b7ac-a20e19537850,2,3,0,5,66.66666666666666
b340d753-f623-5b4f-8c18-0a8390d5235c,2,3,0,5,66.66666666666666
78f7421a-9239-5f33-9ff0-985dacc1d37e,2,3,0,5,66.66666666666666
b25f241e-d9b5-5ad6-aeb4-64e8b34343b1,2,3,0,5,66.66666666666666
91f5a39f-607c-405f-84e5-d6bb5f9c153d,1,3,1,5,33.33333333333333
61a06f4d-73b9-5b11-86be-33ab79e7be0b,2,3,0,5,66.66666666666666
afe3051a-3200-5be8-aa9c-a4c2dae4d21b,1,4,0,5,25.0
edf31f21-0668-4cfb-aa80-ae47d71aad88,2,3,0,5,66.66666666666666
ae02a892-3a4b-4c26-8f76-876f58029998,2,3,0,5,66.66666666666666
440cf4d7-a6d9-5b09-83ce-7191622d9c31,0,5,0,5,0.0
7ae0e115-304b-5274-8306-676b2423a4b9,2,3,0,5,66.66666666666666
b07a6449-50f2-4761-9eaf-a65074e64bfb,1,3,1,5,33.33333333333333
0dee521b-5a10-53c5-b669-8ab4729ff26d,2,3,0,5,66.66666666666666
232da115-a51f-5f16-9480-e2797bb59bd0,2,3,0,5,66.66666666666666
12dd85fd-2079-4dd7-bba3-c4d771a5f774,1,3,1,5,33.33333333333333
463cfd90-372d-5094-af0e-d0ccde31d842,2,3,0,5,66.66666666666666
7c807e85-dc0a-5576-b17f-8b0cd3124da5,1,4,0,5,25.0
60f3e4e5-5636-5442-b73a-fdb0b72e516d,1,3,0,4,33.33333333333333
8e0ebf43-69c7-5bd0-a99a-55cc6ab2b11f,2,2,0,4,100.0
629f8826-db30-5fb0-b021-9ff2bc6bb31e,2,2,0,4,100.0
61ed99a4-1c10-473d-9ee6-4341da1173bc,0,2,2,4,0.0
627976de-6f4c-5588-9cd5-7cf254408a49,1,3,0,4,33.33333333333333
8da9c04c-c5be-418c-8544-bef3d903ef61,0,4,0,4,0.0
8d2c11d9-1f1d-5264-9f76-d334d0ad03e1,2,2,0,4,100.0
8d37339d-5f7a-46ae-ba5d-3101e7cd02b0,1,3,0,4,33.33333333333333
35455b88-98a3-4af7-a2f2-598cfd6b4c9e,2,2,0,4,100.0
8200f451-7f37-5cb2-bd24-6a8e57b6fccb,2,2,0,4,100.0
8b0e8d0f-7abd-5ac7-9f62-a68911e0cc5c,1,3,0,4,33.33333333333333
34997b2f-3be3-5e17-ab45-970b6590a3bd,1,3,0,4,33.33333333333333
c58f8905-95ea-48fa-a5b7-f37523b6545b,1,3,0,4,33.33333333333333
74d16335-a2f8-5074-b77f-34faf964908c,2,2,0,4,100.0
7455c2d5-208b-4e77-9954-e6a62b742d18,1,3,0,4,33.33333333333333
797f1c9d-3a44-493d-916d-c60163b712c5,2,2,0,4,100.0
73d5ac59-40fb-534e-a28e-d3f4b5af0ba9,0,4,0,4,0.0
73257a4c-2b88-5c8b-b76f-640935299700,2,2,0,4,100.0
7b3ddcb1-ce1c-5753-a666-9d0d1413bc9a,2,2,0,4,100.0
32d360c1-5c5a-526f-9c43-d434b59ac88d,2,2,0,4,100.0
712cfe85-50f2-5e9e-9f9b-52e1a64675e3,2,2,0,4,100.0
c3e1f1c1-adab-52eb-b632-bd1229cc0e01,1,3,0,4,33.33333333333333
70fe4b78-661d-54f2-9f10-1b01613781d8,1,3,0,4,33.33333333333333
00126b32-0c35-507b-981c-02c80d2aa8e7,2,2,0,4,100.0
7dc67590-4225-4a7b-96b7-646e4d279155,1,2,1,4,50.0
6eabb38d-0a75-56b2-986c-1acd043f6d60,0,4,0,4,0.0
7fa305ec-5d85-5e82-ade8-2aae2ca1db09,2,2,0,4,100.0
6a190e7b-d611-4009-accf-892f5441dd98,0,3,1,4,0.0
c323cdbb-e58c-5686-91eb-dc32afac2651,2,2,0,4,100.0
86046b4a-baa6-5975-9ad3-d24b07b8ea5f,1,3,0,4,33.33333333333333
86a6e28f-ada7-4019-9350-88da3c5b8475,2,2,0,4,100.0
879e58f0-e8fb-56c7-b352-1ed19cb4b96c,2,2,0,4,100.0
882260ce-0ba1-57da-917f-9573079bfe5b,2,2,0,4,100.0
c28f6096-80fa-59e0-b3f7-3d2550f4a1f6,1,3,0,4,33.33333333333333
6718c3da-3cb4-5e88-9731-693a2bbd72b0,1,3,0,4,33.33333333333333
92257fea-9586-4d78-8ef0-a4404cc1367d,1,2,1,4,50.0
9c870ebc-7383-56b1-85e3-809dc4d0411d,2,2,0,4,100.0
5f787049-0edf-5088-8f87-111969e192b3,1,3,0,4,33.33333333333333
c0be1952-4f68-5990-b8c8-0bdbf4ffc4ff,1,3,0,4,33.33333333333333
a7d134a0-13d6-5c4f-995b-a2a9a69a4f44,1,3,0,4,33.33333333333333
a839de13-b89c-577d-b9e9-30e090018acc,2,2,0,4,100.0
bb087ff9-4fec-4479-83de-3aa44935b314,1,3,0,4,33.33333333333333
a8e32d8c-5386-514f-8234-cff6ea2acb4c,2,2,0,4,100.0
4b2aa9b8-a432-4613-8383-827042808c35,2,2,0,4,100.0
3b9f3396-1a34-508b-bd1a-9ad6064136f7,0,4,0,4,0.0
49244e0c-1de9-48d6-8c82-eac77f30f91c,2,2,0,4,100.0
ac5d1d06-60cd-4182-8728-1e520a20328d,2,2,0,4,100.0
3c92a851-fde5-5d1b-8e6a-420e7fa393af,2,2,0,4,100.0
47b17a8b-626d-5068-bd6f-a2a67e985d25,2,2,0,4,100.0
3c9bfc95-1e82-5d07-b928-8dae68e58f6a,1,3,0,4,33.33333333333333
471d6dd6-2e11-51cd-862b-485e8acc7002,2,2,0,4,100.0
aedebbed-709d-580d-9176-507bfadf761b,1,3,0,4,33.33333333333333
b8c27248-2963-48d5-82e3-e58b6b3534c4,1,2,1,4,50.0
af5f2dcf-a361-5afc-a277-06211f093d86,1,3,0,4,33.33333333333333
4538eaec-c0d5-5d9a-a0bb-ff0a8a7fd598,2,2,0,4,100.0
44bfecf1-8e49-42a5-bc2a-50ba6ff090af,1,2,1,4,50.0
b879399d-8c6d-57e8-a64f-20b79e294405,0,4,0,4,0.0
43eff152-98c9-5ff9-b135-fd967cbc5b34,1,3,0,4,33.33333333333333
b847eeaa-7294-5ef1-90a7-4461bfc3c0bb,0,4,0,4,0.0
3e83af78-dab1-5d9e-a251-94009c656490,2,2,0,4,100.0
431ad70a-0234-5d49-9ef9-f701853d4663,2,2,0,4,100.0
422ddd49-32d1-5041-994c-7dbdc6e4578f,1,3,0,4,33.33333333333333
b3d7eeb8-1158-454f-ad81-7e22a8a61fc6,1,3,0,4,33.33333333333333
b7104df9-6218-5b03-a974-534e8b6881c5,0,4,0,4,0.0
40f5efa6-cbd3-4639-9fea-902af878a4bb,2,2,0,4,100.0
b6915a88-5ca0-54c6-900b-0ea0204b6534,2,2,0,4,100.0
4df71472-05e5-56be-a8b9-1a9f06b56baa,2,2,0,4,100.0
a77702ea-528e-5701-8926-794df9318d43,2,2,0,4,100.0
a7299a0a-0554-5bd4-8c74-a1d27544cceb,2,2,0,4,100.0
58dd1993-00bd-5bac-891c-b8bd0e04717e,0,4,0,4,0.0
96526148-6353-564f-b1ac-f50fa8575a0f,1,3,0,4,33.33333333333333
96531e91-5762-543e-a046-dcd5ce0ed988,1,3,0,4,33.33333333333333
9768e435-26de-52d4-ba99-3b4fb52e21fb,2,2,0,4,100.0
97dfa1ce-ad04-4e6f-8a4b-a3994b5f7ade,2,2,0,4,100.0
981b9f13-7dbc-5dcf-a4b9-fb870cba3d94,2,2,0,4,100.0
c06b1002-df8a-598a-95eb-64063b84d49c,2,2,0,4,100.0
5c85c1ba-3a4f-401b-9fd7-a7f4f7a53e71,1,3,0,4,33.33333333333333
5c82c867-5804-4dd4-932e-862f1740ebec,1,3,0,4,33.33333333333333
37328214-9f1b-4d4f-a7b6-1feed7f6907e,1,3,0,4,33.33333333333333
5b87da43-8957-57e9-a4ff-6c25d451f585,2,2,0,4,100.0
37af141e-d0bb-5e80-a569-e011276b6000,2,2,0,4,100.0
9b6baef5-4d81-47d4-9ffe-8b944d77a30b,2,2,0,4,100.0
9e186531-3b42-566e-a30b-003d56e9530f,2,2,0,4,100.0
bbbaf65f-1403-571b-b552-7e28daa4af9b,1,3,0,4,33.33333333333333
be6c20df-d686-5928-8759-803b8b496940,1,3,0,4,33.33333333333333
576b885f-0ba0-5254-a518-4f5246a59c4a,2,2,0,4,100.0
9ef5d0f4-846c-564d-bcf1-31e084c7f545,1,3,0,4,33.33333333333333
a0303ab3-a864-5a4a-a0d2-4d42083dc3a1,2,2,0,4,100.0
bdb37047-6724-52f6-8936-58e370c008b9,1,3,0,4,33.33333333333333
a0f349a9-b224-5e43-89dc-357aa39238e9,1,3,0,4,33.33333333333333
53ed0c47-2dee-5446-a4cf-feaeeafa04e3,1,3,0,4,33.33333333333333
a27e538d-a1e5-51f9-a4d0-74bd288892db,1,3,0,4,33.33333333333333
c62b4f6d-4aca-581b-bd14-9c5e0aae7e32,1,3,0,4,33.33333333333333
52a46b90-8c7c-58cc-a1e0-641d83bf37ab,2,2,0,4,100.0
a52a01bc-0dad-5c05-97bf-fd5a7024bc3b,1,3,0,4,33.33333333333333
bbbeb2bd-68ed-5f7d-8f70-00ae25f18220,2,2,0,4,100.0
31299507-cd77-5e17-a443-004f2be0f91e,2,2,0,4,100.0
7624db4e-a24c-4ef5-aa57-dd8d097f476c,1,2,1,4,50.0
252fc275-11f3-4c8a-ac38-83ac330cb004,0,4,0,4,0.0
07d0ea9b-5757-5835-a081-1ef22f784ca4,1,3,0,4,33.33333333333333
cc38bdbd-909c-56aa-8c9f-8906467c08ac,1,3,0,4,33.33333333333333
e1a1f683-e5f7-50ab-b85f-56780db85aa0,1,3,0,4,33.33333333333333
f1f0e8d0-c832-5d58-aec5-32eb4e406ca2,2,2,0,4,100.0
19db9726-48d7-41b6-9651-55c35ef0aa90,1,2,1,4,50.0
09c4aee4-f0e7-5b0e-92a3-5a05a20b1b87,0,4,0,4,0.0
e009bb86-fd47-5747-8329-66e8098d8714,2,2,0,4,100.0
1b0c6352-5a28-5dfd-9942-dbccde35cc06,2,2,0,4,100.0
d0fea7dc-0a1b-5680-8b46-6f185275a71e,2,2,0,4,100.0
277225a1-33ca-5b94-bab5-276568f29533,0,4,0,4,0.0
071a4017-ac21-5ac8-8d82-b9b2414aca18,2,2,0,4,100.0
18568c2f-8624-5f57-8f11-b08c1ad32350,2,2,0,4,100.0
f689979f-b556-482e-b829-ba096fc56ecd,1,3,0,4,33.33333333333333
cb02fb59-c162-4170-b23a-05b81362cb89,2,2,0,4,100.0
cab34ddf-0cce-5265-b9f6-378092f515cf,2,2,0,4,100.0
2deb6a48-e7b5-4ec5-abbc-9ca277217034,0,4,0,4,0.0
f80e1393-9bc4-52b7-80aa-f635e11acd12,2,2,0,4,100.0
f8aa4aa0-e101-548b-8de9-ce6c8965c1ad,1,3,0,4,33.33333333333333
da716f40-265b-5ce5-a13d-be15a234f14e,2,2,0,4,100.0
04d8076e-8fd3-5a81-b3fc-c132e1f7a3d3,2,2,0,4,100.0
04ce00f9-f96a-4867-95e7-48208739edc3,0,3,1,4,0.0
ccaa8128-abd9-59f5-ac49-0f449445d48a,2,2,0,4,100.0
184d8f9e-1372-556d-a921-0b63b27ebc08,2,2,0,4,100.0
2ea46096-4e0b-51d9-aa0b-13b43bf9bcfa,1,3,0,4,33.33333333333333
28fffa7e-3a10-5e86-a65b-813f020ed9a3,2,2,0,4,100.0
2a09f934-f322-4333-be9b-36b26384518a,0,3,1,4,0.0
14436935-4694-5e67-98c7-3b4c0b2fb6da,2,2,0,4,100.0
2a7b6e7d-1d59-54ca-9db7-ac6fab4a4b8f,2,2,0,4,100.0
14b0cfb0-4724-54c2-8fc4-7f4032c8e1e7,1,3,0,4,33.33333333333333
e8f0e15d-bff8-56cb-8b32-7c0e8cc19988,1,3,0,4,33.33333333333333
2972aef8-4940-596b-b692-b6d1b0379800,1,3,0,4,33.33333333333333
29543d44-c11c-57f6-9ddf-f7ab97bdb0b6,1,3,0,4,33.33333333333333
e977b9e1-a514-55c5-b381-b1ec72d06733,2,2,0,4,100.0
14eaf4d7-4a8f-5a1b-a090-13bc944f607b,2,2,0,4,100.0
eaa85795-2455-51bb-9bf9-1d2348fa3adb,2,2,0,4,100.0
e35e4829-04d9-566b-aa92-77975bedd244,2,2,0,4,100.0
115d5db6-e7f5-56af-acbd-7fbf717e1db4,2,2,0,4,100.0
eb28ae21-888f-5440-bd79-05a631f5dccd,2,2,0,4,100.0
16a5800c-7411-5786-8a56-d50c36da28bc,1,3,0,4,33.33333333333333
ec54fbef-fc7d-5e2a-9977-8b6bf1e8a278,2,2,0,4,100.0
cd761e0c-6158-5a99-ba33-2d2fc1904563,1,3,0,4,33.33333333333333
0f4ff74f-5e22-5de3-a08a-b82763291fb4,2,2,0,4,100.0
28d9d162-7b8f-5f61-97e8-c746de9d465e,2,2,0,4,100.0
0d70eb39-9ae0-4d0c-acda-42107dbccbeb,0,2,2,4,0.0
ccb46691-3605-5b60-916e-ce310f861ca4,1,3,0,4,33.33333333333333
047c7a0a-f97c-5f64-adb5-52181e361d4e,2,2,0,4,100.0
080bd014-e8b5-459c-9c84-3544915fd897,1,2,1,4,50.0
2239da55-e1f9-530b-8b43-d2426ad7667e,2,2,0,4,100.0
03534555-0e42-5ac3-9fc0-ae4815c1802c,2,2,0,4,100.0
03ff70ce-4461-5785-8db0-dd2db182b684,1,3,0,4,33.33333333333333
d6069fa7-f04c-56f9-8d12-6ed098e752d3,1,3,0,4,33.33333333333333
c74bc7dd-5aa0-5c6c-ad30-fe51f6a98fd9,1,3,0,4,33.33333333333333
d31f079f-f186-5fbb-a51f-76c195d126c4,2,2,0,4,100.0
02cbb879-4055-4272-86c0-e31906ed6c0c,1,3,0,4,33.33333333333333
d53be9b8-a9c9-5615-a8f0-5714f79d53e0,1,3,0,4,33.33333333333333
fc9bc5a2-73bb-579e-acb6-58e49aac24a0,2,2,0,4,100.0
d52899da-79cb-5c16-b34d-1d4ee109bf57,1,3,0,4,33.33333333333333
26769198-be8f-4266-a8d7-fb2e6a794d7c,0,3,1,4,0.0
01484c2b-bbd2-5421-90d3-377618f48bda,2,2,0,4,100.0
011da6ef-b75a-5e89-b920-9b66fad30294,2,2,0,4,100.0
d6a47983-7cb2-5bd2-905c-467b3dbb7cea,1,3,0,4,33.33333333333333
fb6a8b0e-2d75-5f97-a5cb-ace944a99fd2,1,3,0,4,33.33333333333333
24c9b3a5-3595-5d59-8a1a-42e4d41a63de,2,2,0,4,100.0
009193ee-c3df-4efa-88f2-feb37c0bfdf2,2,2,0,4,100.0
d9448884-af1f-5f8d-95d0-ce93e4369901,1,3,0,4,33.33333333333333
a1042b93-48fb-5f8b-a539-5069ff7884c3,1,2,0,3,50.0
a04a9c8f-dd82-573c-803b-dcae9e6e2059,1,2,0,3,50.0
b004de0f-f4ea-50a3-81d3-3351e2cb3968,1,2,0,3,50.0
e7d83d9f-7119-48d4-b570-e6af90976e34,1,1,1,3,100.0
a087f66a-346d-561a-a459-c3cdab13940b,0,3,0,3,0.0
a0bb94a6-7472-5b91-9e49-6c5a42136d3b,1,2,0,3,50.0
234a46f3-cf12-422c-9a09-790b070dce57,1,2,0,3,50.0
d5d64fc3-df9d-5a4a-9259-1956d7492e85,1,2,0,3,50.0
16c54ced-60e7-43f4-abd2-19477ffe8ffd,1,1,1,3,100.0
173fee7a-9f69-5974-9d52-5368ab0e4090,1,2,0,3,50.0
14553f1b-23ef-5f81-a6e2-fdbdcc8195de,1,2,0,3,50.0
1770ed60-e1e9-5e35-ba0f-cd0f10cc8759,1,2,0,3,50.0
53c0310c-5600-55cd-a73f-687dbd54c907,1,2,0,3,50.0
17bfad03-f24a-5e3f-9102-2ebb734fdcd3,1,2,0,3,50.0
b30206b0-11ef-55a6-bd66-38ab55b63c74,1,2,0,3,50.0
e31eca04-3d46-5974-99cd-a53e7a76b8ae,1,2,0,3,50.0
236f20de-1c6e-5cbd-8df5-51dcdca7bfb3,1,2,0,3,50.0
55f7c3ad-f1ff-56c2-87cc-9de29a1ad82e,1,2,0,3,50.0
14d5ed2d-016c-5387-9382-b905e4dfa130,1,2,0,3,50.0
d547e535-817d-4f1f-9feb-9e25fd600bd2,1,1,1,3,100.0
b1fdf4ba-847b-46a5-9fb4-5f7a34b7b6b7,1,2,0,3,50.0
248cd617-fede-506e-b94c-2623ec61f826,1,2,0,3,50.0
151ec2cc-2538-5738-b77c-29516952f85f,1,2,0,3,50.0
b14dc690-2b44-5fd7-9217-783670f14f5e,0,3,0,3,0.0
d4c1bf0d-3319-5142-9602-ffaee0b92981,1,2,0,3,50.0
e770643f-55e6-5b55-94df-588145ae2f58,1,2,0,3,50.0
9ccf2622-e486-4a91-bb08-a05024101632,1,1,1,3,100.0
9cd95fae-0e95-5e2e-9323-355d8bbfa2a4,1,2,0,3,50.0
9ce5efe3-6ea0-4c61-8a9a-c85e1f8e1ebc,0,2,1,3,0.0
152b4e4b-930b-5b2e-a31a-b2d10e33dc61,1,2,0,3,50.0
249bfa62-18e7-5ddd-b7b4-d2b1722d556a,1,2,0,3,50.0
b29353bd-e15c-5fda-92ce-833380d32e02,1,2,0,3,50.0
e728aa3d-5add-4dbb-a06f-48b0f146969a,1,2,0,3,50.0
9e1a7609-b79b-563a-a534-8e63e4fa6e30,1,2,0,3,50.0
9e27e65e-7093-5c3f-8688-c1542f4e576a,1,2,0,3,50.0
e74d2614-ee00-5cb4-93c2-98858b2dd129,1,2,0,3,50.0
1f7c5701-73db-4fcc-88f5-c30e60f1e0c4,1,2,0,3,50.0
e23ca88e-c7f3-59d5-8694-d81e28118f8d,1,2,0,3,50.0
52a3f45b-2321-5d30-8f5a-a62327eaf810,1,2,0,3,50.0
4e37f9b0-a08a-528a-b687-4f47b3d06895,1,2,0,3,50.0
20b4abf6-577c-591f-9bed-d2f6b78b12a4,1,2,0,3,50.0
ac46fb97-6d1a-5eb6-af8a-6fd8a4e874ef,1,2,0,3,50.0
4913c693-83e9-5891-bdbd-2829fdb9aef9,1,2,0,3,50.0
4e163083-f898-52e3-819e-d44683594e56,1,2,0,3,50.0
dc8fae0c-3c67-55d4-8c4f-7a93db258b80,1,2,0,3,50.0
4df1c33d-9d1f-5159-861e-ff396be673db,1,2,0,3,50.0
4dd25ddf-9741-5fff-8fde-5ffdc8abb501,1,2,0,3,50.0
4d435eb7-7fb5-5457-a94c-78dd68e9c2c6,1,2,0,3,50.0
4d28802d-5484-57d3-899e-c03c1c9c33a0,1,2,0,3,50.0
a91ea78c-d3b8-5581-9bdf-dbf07381498d,1,2,0,3,50.0
dad993d9-3ddb-568d-9dac-0be3e98c0c38,1,2,0,3,50.0
206ea268-516f-5918-8111-c53f25215a15,1,2,0,3,50.0
1ee340d7-5720-5c95-a9ba-347973b1fd21,1,2,0,3,50.0
2016a0f0-f1c0-52ee-975b-e31f4cf005f4,1,2,0,3,50.0
da69c7cf-6f5a-5c3b-a164-17964a437f61,0,3,0,3,0.0
aa284612-9e2a-5716-850b-a020f544e279,1,2,0,3,50.0
4bcb9d25-cc27-5d1b-aa5b-3d1dc38344c5,1,2,0,3,50.0
4a68df86-f2e1-5630-b13b-829a6f863d07,1,2,0,3,50.0
aaf4a2e3-0b5a-590f-b1fc-06e601691e9c,1,2,0,3,50.0
aa4099f9-c0c5-53fd-865d-210209a49f95,1,2,0,3,50.0
139cfcac-d520-5033-92cb-0ed219f6df88,1,2,0,3,50.0
a76f2528-d0f8-5456-9f4c-bcd23fdac489,1,2,0,3,50.0
dd767189-6cc1-4eb3-8b0e-bebbb0fb4336,1,2,0,3,50.0
e06aca8c-e026-5e2e-ae58-f8344d5028bb,1,2,0,3,50.0
d6b67560-e075-5bbf-86e0-9d84078a7186,1,2,0,3,50.0
46ca2e4f-4aad-5462-aeb3-13e2e5fe0f24,1,2,0,3,50.0
a36ca780-7897-588c-aba8-69c0ee0f8a19,1,2,0,3,50.0
1941806b-0030-5a07-9202-0eb097eb0555,1,2,0,3,50.0
51dbbb7f-08f8-45e6-88a7-50356e278862,0,3,0,3,0.0
d6e0167f-42dc-4621-9034-0b1c6a34a95c,1,1,1,3,100.0
19903cf1-e158-475e-9b4e-4c8d13e67780,0,2,1,3,0.0
d7192c70-0072-5696-a668-30d9c5deff8f,1,2,0,3,50.0
a43bf693-3974-5bd8-8864-be4b71a0a141,1,2,0,3,50.0
e00db619-ba2e-5be8-a410-1ac04fb59950,1,2,0,3,50.0
1c9141c9-ee51-5666-9131-09355e80bb6b,1,2,0,3,50.0
ae5d4a58-e285-5c1d-86a2-bd51c16f4cb8,1,2,0,3,50.0
adad0876-def1-4078-9b77-59f85d35930e,1,2,0,3,50.0
502d1479-b068-5df2-a8bb-cf0535291d19,1,2,0,3,50.0
4856aef8-f48a-4882-9744-bc3c5c3f0335,1,1,1,3,100.0
1b1ff98a-5a29-4e1a-be8e-f453e99bbd28,1,1,1,3,100.0
4f76ac43-fdc0-5d2f-a5d6-01ed53a20d5f,1,2,0,3,50.0
4eb74f64-f522-51a2-b66b-3afd85757c6c,1,2,0,3,50.0
a6f7963f-4813-5bbb-b76c-225065dd5f32,1,2,0,3,50.0
4865c42e-7393-57e0-8284-68df835a4208,1,2,0,3,50.0
e83c7b53-c28d-53ee-920b-232168285145,1,2,0,3,50.0
c5fee2cb-eee8-548c-8e58-5e7737f1016c,1,2,0,3,50.0
e84c6c09-f093-5662-a4c7-80b09de410e0,0,3,0,3,0.0
697c270d-d73a-57de-ac12-e8775415150b,1,2,0,3,50.0
0305f7d2-9200-53d0-9152-0fcd739e0cfc,1,2,0,3,50.0
033c7717-32c6-4e14-8e92-7ead24a478f2,1,1,1,3,100.0
7041bf7c-d112-5baa-b126-8ee12265ba18,1,2,0,3,50.0
fb511a0f-320e-5b55-87df-67fa96b8028a,1,2,0,3,50.0
7dff07dc-103b-4134-989f-1dd407379e00,1,2,0,3,50.0
fa9aee11-5922-5ec1-a9a8-6cdbcd1d3993,1,2,0,3,50.0
7f2acd63-5ca2-58f6-9144-9fc006951380,1,2,0,3,50.0
6e7e7633-5b4e-54c3-81b5-f1e99362eac6,1,2,0,3,50.0
fa683afd-266a-55fe-b420-ec5730e09647,1,2,0,3,50.0
04c915d4-53b3-5ed4-8436-defc1e193e4b,1,2,0,3,50.0
f8eaf582-a063-42f0-a879-adcb1f17a355,0,3,0,3,0.0
80927e10-4e0f-5a6c-bd2a-4d5608d0793b,1,2,0,3,50.0
055a3b0e-b711-4943-86b9-b9344ff99c26,1,1,1,3,100.0
f8c82f7c-73b9-5178-ad05-b824964297c7,1,2,0,3,50.0
f861c598-3377-56a1-8e08-71a3697487a3,1,2,0,3,50.0
8236cc07-5880-53aa-9e88-c2554806fe01,1,2,0,3,50.0
83691506-2318-5a15-a7c8-602f055fed59,1,2,0,3,50.0
060360a9-d9db-5081-a6e6-74e4e291ff4f,1,2,0,3,50.0
063f0dd1-b5a3-4aa0-bef7-19184f0a3e7a,0,3,0,3,0.0
848742b1-7265-5641-9a42-b1fbd7c8977e,1,2,0,3,50.0
84dbe979-58e1-5509-9a3d-2093d46e50bf,1,2,0,3,50.0
f7001fa3-f3f1-5108-bd65-5eee50814f31,1,2,0,3,50.0
f6c1ea2c-888b-5c73-ac22-4f791b188f53,1,2,0,3,50.0
69e8fad8-4475-50e5-b0da-6ee0829e2fb1,1,2,0,3,50.0
69c117b8-b4f3-502b-97e3-685198064a37,1,2,0,3,50.0
7ce9621f-75fc-5268-aa16-a9925983666d,1,2,0,3,50.0
7109b538-5e4b-450e-8d12-6a4225678532,1,2,0,3,50.0
02cb5039-1d52-558e-a1a1-76073c52ab10,1,2,0,3,50.0
01a8d06f-b2b4-4cf3-a0e1-f4a84f49f1ab,1,2,0,3,50.0
fffc17a7-f935-5d3e-bd3e-d761fd80d479,1,2,0,3,50.0
ffaf4f1b-ae3a-5578-bbc2-a55379fed15d,0,3,0,3,0.0
7710e386-a483-5309-898c-e0a4ce04ed45,1,2,0,3,50.0
008dc615-0805-5f3b-835b-40f134c57f56,1,2,0,3,50.0
7804a0d6-8bc1-5c4b-ac34-36bf5ed5884d,1,2,0,3,50.0
785e41b7-cce8-568b-a075-0f84edb46310,1,2,0,3,50.0
791be96f-f4f2-5271-a471-3ef074c0897a,1,2,0,3,50.0
fe1eac4d-bbfb-5e2b-b0e8-bdef4afc0acd,1,2,0,3,50.0
0168cd26-9c43-4591-8f47-2d6041ebc793,1,2,0,3,50.0
01738a09-e36b-425e-98c1-3266af312635,1,2,0,3,50.0
73f255fe-7232-5a2b-80a5-6a4b702770fb,1,2,0,3,50.0
fd3ae34b-f635-5948-997e-f70d16c1b848,1,2,0,3,50.0
fc695683-18f5-5094-98bd-d8c4883ac395,1,2,0,3,50.0
fd1eb76a-9d7a-4357-b5b7-6b3863f9ed75,0,3,0,3,0.0
73030426-f9be-46bf-b966-a49d8a0edab2,1,1,1,3,100.0
72acb731-153f-5e10-a627-974dc7b11065,1,2,0,3,50.0
72a69549-bdde-4964-a500-42b33ba8f3a5,1,1,1,3,100.0
7b1c1082-8500-5f05-a374-a6ecdc7610ff,0,3,0,3,0.0
7b9156d7-be0f-4b5f-bf03-f79cc5aa8d41,1,1,1,3,100.0
028ab79b-048d-4e96-a930-f08356783049,1,1,1,3,100.0
fc8ea45a-7cf4-4688-8af6-68dbce031828,1,2,0,3,50.0
714c9139-05ce-5730-bd23-1f26987185c8,1,2,0,3,50.0
7c2fd5e8-dc1f-5eef-a998-611d7f8d0dd6,1,2,0,3,50.0
7c326d4d-9ea2-557c-a2cb-3706d8843528,0,3,0,3,0.0
86971da4-c0d6-5e6e-8817-eb4b7353babc,1,2,0,3,50.0
86b63f7f-5e1b-40e2-bfec-ead7fd839aa5,1,2,0,3,50.0
997ba45a-3c5c-5bff-a0ce-d787944d12ba,1,2,0,3,50.0
86fb1252-a536-52ae-b9fe-c584803a215c,1,2,0,3,50.0
0e839351-281f-5d83-85da-5293598dab8d,1,2,0,3,50.0
ed8fd031-3b65-51e3-bbe7-3d660d3dfe45,1,2,0,3,50.0
0fa84e18-0672-5e5b-8c18-9978203a78a9,1,2,0,3,50.0
92157233-9e1f-52d7-93bc-212302a1d827,1,2,0,3,50.0
ec12824a-774c-4f2e-9610-015f8dc6b64d,1,2,0,3,50.0
60214b6b-e809-506c-a161-4151ffaa5e2b,1,2,0,3,50.0
1103b3b8-ab01-5da9-a9aa-d6c890ba97a4,1,2,0,3,50.0
5fd71447-bb3f-455e-bd0b-bb26935c3794,1,1,1,3,100.0
eb4a0728-40f0-53b0-bf23-a13f39c63ef5,1,2,0,3,50.0
eb092fe4-2c58-5354-88af-8577993a8fb6,1,2,0,3,50.0
94daf5e2-045a-5272-8190-7f4fdcfccced,1,2,0,3,50.0
5edc3dcc-2f0e-5f7c-b7e2-4b72e1508694,1,2,0,3,50.0
4323612f-1881-4184-9abf-20e8225aaa22,1,2,0,3,50.0
5e7c142f-da11-5bbd-8bc8-a6193581571f,1,2,0,3,50.0
5e441d60-d505-52fa-87c3-82122778f385,1,2,0,3,50.0
ea8af1a8-b4db-51ff-b953-e2bd1facc1ea,1,2,0,3,50.0
97a668f9-3962-533f-94c0-1f1ffc2b64f1,1,2,0,3,50.0
5cbe2213-2208-560a-adb0-6f6426ece37a,1,2,0,3,50.0
98566df4-f20b-4edc-9e2b-2a2d41a40664,0,3,0,3,0.0
e92c6c96-409a-59d6-a48f-793d9f19456b,1,2,0,3,50.0
e91129ce-4009-5cd9-84c0-a0ba10543cd4,0,3,0,3,0.0
5c4305a8-ce74-5938-aefa-04360a52f6ee,1,2,0,3,50.0
98c65ee4-fda4-551d-b8d7-c32b1f9bad57,0,3,0,3,0.0
5c01afbb-b3f3-5464-a557-4febcf05a8c6,1,2,0,3,50.0
e8c90a80-549a-5d1f-9d61-fbaf6bc86551,0,3,0,3,0.0
0dc168bb-6cfc-58c4-972b-50032cb47dc5,0,3,0,3,0.0
8fba9e85-0d2e-56f6-8d31-170c7b0faf6e,1,2,0,3,50.0
0d7050f0-caec-5029-94fb-23a7d3a984ce,0,3,0,3,0.0
8b4ea743-f619-59f4-95e3-a426c1b88df3,1,2,0,3,50.0
87d05b4b-7c00-54b5-9ef3-478901594e9d,1,2,0,3,50.0
086eb77b-9b66-5fe1-8763-b65a91650ddf,0,3,0,3,0.0
88bd9e39-a99e-5f6e-86ab-6b35baecad79,1,2,0,3,50.0
f4f5f614-f2b1-5378-84e9-60a88d5bc661,1,2,0,3,50.0
89094342-9da1-505f-aaef-283ba71008d5,0,3,0,3,0.0
6740777f-117d-5498-857b-1519b0a3d2bd,1,2,0,3,50.0
f3c4ada6-f1a0-5409-8599-9255e79e7c10,1,2,0,3,50.0
f2c80aa4-5a06-598e-bf04-f5bae24f7836,1,2,0,3,50.0
6609155a-3810-5c46-ab42-f8be8dca3ad0,1,2,0,3,50.0
65ed6dd2-6453-51ab-96c0-4ea6118999be,1,2,0,3,50.0
f2ab15eb-47a4-4300-9ab1-331b5307f066,0,3,0,3,0.0
8b708bed-c211-556b-8548-59f947d8f05a,1,2,0,3,50.0
8f208516-6237-5729-b06e-3cef634ac151,1,2,0,3,50.0
f1e02af2-4b75-5a62-a46a-2cb6c557894a,1,2,0,3,50.0
8c16f2e2-ad64-4018-8f5e-c9e37e04c42b,1,1,1,3,100.0
8c307524-e67d-4c5d-bf0c-512101c3c876,1,2,0,3,50.0
0ba47c5e-c74d-5748-8f9f-75352b4bdae6,1,2,0,3,50.0
0c0114cc-6ede-5161-8fa7-5245c206bc9d,1,2,0,3,50.0
8ceed6d9-d13f-464c-9504-aabd31325299,1,2,0,3,50.0
0c5021a1-5f08-42c1-ba6b-20a0cf34219c,1,2,0,3,50.0
ef79525a-c957-489b-90fe-018be75629f2,1,2,0,3,50.0
63a762e2-ade9-589d-9884-158810b7a46a,0,3,0,3,0.0
0c6e1bb2-dd35-5533-83b8-0afbee39e385,1,2,0,3,50.0
6319316a-1a2e-45db-a981-800755509b20,1,1,1,3,100.0
9614faa9-189b-5d68-b724-8c6a2fa6af8b,1,2,0,3,50.0
e3ab5218-7341-5cf9-a9eb-f82e0b0bbca1,1,2,0,3,50.0
fffd0045-29de-522b-b5d8-35786363bf07,1,2,0,3,50.0
3de34558-5a86-44bd-bc6f-f66da35ae414,1,2,0,3,50.0
b86d7a68-316a-51d6-b026-6d8613104cde,1,2,0,3,50.0
3e7fb196-61dc-4d8e-b296-925e9c9c778e,2,1,0,3,200.0
27ec5e3a-421c-44f6-8dbf-6d723a312f77,0,2,1,3,0.0
b7d43753-2a0a-55e4-b5a0-2d845cca7eb4,1,2,0,3,50.0
cab9a7ad-ba49-44e9-85bf-8d6d817054b8,1,2,0,3,50.0
b74346d1-223a-5379-95e8-afc8bff1a508,1,2,0,3,50.0
2e0f98ff-8f22-580f-ba49-04f23b398eb3,1,2,0,3,50.0
b71fd17d-5fa3-54e9-b929-2244c679fedb,1,2,0,3,50.0
c1cb8f24-8a17-53c6-8b3e-d19066445aea,1,2,0,3,50.0
b684d66c-12cf-46a0-adfd-2e504a04c7ef,1,2,0,3,50.0
34c93ef1-17f1-57e3-b6b9-82769e879df0,1,2,0,3,50.0
c95f1da3-b0d1-454d-8afc-af6707bba924,1,2,0,3,50.0
27440482-9f0a-5235-833f-59c1b11c03ba,1,2,0,3,50.0
b5a4eeae-d433-44f6-9495-23e7996e5c2f,1,2,0,3,50.0
40267db8-6ba7-5e60-b97a-a82ad3287804,0,3,0,3,0.0
403080b5-023e-5c00-9a66-ca7ce8b0c9c7,1,2,0,3,50.0
b59a41ea-04ae-532a-b9f9-33b65490fc5f,0,3,0,3,0.0
b566e037-15eb-5c5d-a2fd-913bd36b9161,1,2,0,3,50.0
b547bb54-c658-5115-a8e4-509c9257bcd0,1,2,0,3,50.0
337fde4f-19af-562f-9850-b4639c80044a,1,2,0,3,50.0
33606eec-2c07-5af2-8082-d25dcdad8d49,1,2,0,3,50.0
40db0985-7a95-5d40-8137-b4c035f3f75a,1,2,0,3,50.0
b5028c22-02d1-550b-bbbd-125b126526bd,1,2,0,3,50.0
266fd1f7-e06b-5a61-a5b4-6a73a8761878,1,2,0,3,50.0
32fc67b7-d3cf-40eb-ad0b-13e369481a37,0,1,2,3,0.0
c7cb6477-ad28-5edb-a3b4-19c7daa83644,1,2,0,3,50.0
3056ed4a-9253-46fc-8be9-b0dd9fde77d2,1,2,0,3,50.0
2cc7634d-8af7-5787-b902-9ed146d1ecb8,1,2,0,3,50.0
cf9dd860-4190-56b9-8213-f1e6a833cbff,1,2,0,3,50.0
32b195c6-9721-4f34-bf74-7dbd80a058bf,1,2,0,3,50.0
2c802e7e-209e-5df7-af82-8c891d251958,1,2,0,3,50.0
39cb03d7-b34e-57b7-ab9f-4f61d96fdf10,1,2,0,3,50.0
39a0fd5f-de88-5a9a-960e-8bc221b73615,1,2,0,3,50.0
bc67470a-4afb-5e5a-aab6-7c6fc9e26bde,1,2,0,3,50.0
3999d4fe-dd6f-5a25-b68c-96cb79a8d364,1,2,0,3,50.0
3a297346-bfa5-5524-b48b-24d8747fa176,1,2,0,3,50.0
bd8e2aea-ef9a-5cb8-93b2-9064615e8b5d,0,3,0,3,0.0
396c1a89-1b7a-5588-988b-735db54addeb,1,2,0,3,50.0
2b156118-a9ee-5d07-9bcc-4b5eb901f21c,1,2,0,3,50.0
cdb003c3-0427-5817-8a1a-92c5f37385c3,1,2,0,3,50.0
2b888521-356f-4563-ab93-d96464d74441,1,2,0,3,50.0
3a544580-8224-4cba-9e36-b085db399631,1,2,0,3,50.0
3a75f0ca-9fbe-5fbd-99de-b490b2095bc6,1,2,0,3,50.0
bbe2c5e4-cffd-43a9-a7e9-d580a3719bfc,1,2,0,3,50.0
2a79a739-d85d-531a-ac21-e5da7ed494a7,1,2,0,3,50.0
cce9ad49-1fbb-55bc-b3cf-95d56cb1f6f7,0,3,0,3,0.0
ce76b59e-aea4-58f1-ac63-16d2ef527140,1,2,0,3,50.0
cf0a70bc-7d56-553b-98e1-d42ec96a56cd,1,2,0,3,50.0
2c0b22a5-e6ff-55ab-8c23-7f958e8bcfd8,0,3,0,3,0.0
bea46536-81b9-5ea9-bded-51774a847a72,1,2,0,3,50.0
2c0c1f40-3c94-5714-8855-78355a76b48e,1,2,0,3,50.0
cf234b25-0974-53c0-9914-f139d2f0e326,1,2,0,3,50.0
2915618f-b5fc-57d3-8faf-c088a0f30d4b,0,3,0,3,0.0
ba730bc8-149a-527d-ad21-e71a68eb1bc1,1,2,0,3,50.0
3d37fac3-d9a7-4fa9-9138-207fcc54ec6a,0,3,0,3,0.0
377e7d76-7426-5ebf-acf6-9ca26da5cd1d,1,2,0,3,50.0
cc0184df-5872-58a9-9209-130be25fa432,1,2,0,3,50.0
3d76b5f1-065c-5a6d-b6c5-1c0b324d62f4,1,2,0,3,50.0
d29604d0-3fc2-5697-be6f-01767757f526,1,2,0,3,50.0
c13c6601-e2fa-4eef-8c0e-82d36f44296e,0,3,0,3,0.0
42cdfe19-a3fd-51ef-8891-bf65851493ae,1,2,0,3,50.0
315ae17c-cf89-57e7-958e-e49fdeec5110,0,3,0,3,0.0
41249b5b-1fa1-5324-81ba-2796c9cb3c44,1,2,0,3,50.0
c4a959ff-f5b4-5aad-baf5-27ef67083252,1,2,0,3,50.0
b4c09f17-c750-53f4-80a2-138c1e8f45e2,1,2,0,3,50.0
309e47b2-7242-5a5f-9a77-a4f6f16f03dd,1,2,0,3,50.0
c5a58002-7c71-5dc6-8e12-beb448e5494a,1,2,0,3,50.0
d3bc40a1-9be7-47ae-8f20-5a4c1d63eca7,1,1,1,3,100.0
25f0ad08-ad42-55ac-ad77-6413bc555028,1,2,0,3,50.0
b367eebc-6593-55c5-b347-e86f9e6d1b57,1,2,0,3,50.0
4208301c-3958-58f7-917b-0935a687568b,1,2,0,3,50.0
323f7ffa-1ff1-444d-b55c-b2bdcf291a82,1,2,0,3,50.0
313d4bd7-ee51-5174-a566-65a884675d0b,1,2,0,3,50.0
421b9f37-d01d-5287-ad0a-af2de93132c4,1,2,0,3,50.0
4242ad00-13af-5dc2-9d10-9c9d12528614,0,3,0,3,0.0
cc172576-975d-46b1-91d0-efbb617577e7,0,1,1,2,0.0
bf5a7c04-be18-5838-9f0f-cf9df9d52a9b,1,1,0,2,100.0
8b91ad9a-0c36-5f68-8c74-86fba33c3fe6,1,1,0,2,100.0
8b7419eb-8ca6-5c68-9a15-05edd264352c,1,1,0,2,100.0
8b8ed5e0-f941-538e-9a23-68fb5074aa0b,1,1,0,2,100.0
7b1423d8-6fb9-50d4-bf16-3115f28efd9a,0,2,0,2,0.0
bf77b14a-3572-5897-9d16-5712c979ee77,1,1,0,2,100.0
f23da842-ff45-5252-8523-58a6f2129017,0,2,0,2,0.0
8c211cc1-9dd9-5ce0-bcd0-de868c90a0eb,1,1,0,2,100.0
bfb645b5-a947-5c2f-87f0-e9e63f686555,1,1,0,2,100.0
f276c250-6db8-5189-90cd-1d1c3aaeb9b7,0,2,0,2,0.0
77de3c0a-5a97-55ce-9398-c42d4cdcc239,1,1,0,2,100.0
8b16619a-7658-56ec-854e-56cf4b8aec6c,1,1,0,2,100.0
f2ac1bad-5c2e-5254-98db-9d3e46796b20,0,2,0,2,0.0
bf11ab13-ab2a-5ad8-b87d-03bbc4855630,1,1,0,2,100.0
bf110b8f-d120-5096-b565-fe7f7b216db9,1,1,0,2,100.0
ff5b5372-fa86-5483-9980-a9b82f452caf,1,1,0,2,100.0
beed3e87-c67a-59f7-a5ec-d77a8a08d319,1,1,0,2,100.0
8d516726-cd3a-5b93-b840-eb01277be51d,1,1,0,2,100.0
779e76c7-f6b7-400e-9590-4b3942ab175b,0,2,0,2,0.0
efcbd6f1-1be5-5ffa-8082-f38189f02f0f,1,1,0,2,100.0
f0577a98-f371-5a53-9ffe-b8fb7f767dd0,1,1,0,2,100.0
8cfb7e17-ceeb-5b02-8b0e-f70493414a6c,1,1,0,2,100.0
c6962512-bfe5-502d-9105-641b210da571,1,1,0,2,100.0
beec3dad-43c0-5b72-9a71-58320fd32d7f,1,1,0,2,100.0
f07f93c5-b295-539c-b20f-1006ecbd787d,0,2,0,2,0.0
8ca0cc44-0fa4-5784-b096-5c5baf9b35f8,1,1,0,2,100.0
f1b5c380-0814-599d-bb4e-e1cbae87671d,1,1,0,2,100.0
8c7dce2a-58e7-5811-bb78-5233939247a4,1,1,0,2,100.0
8c646478-fdc9-5410-89cd-15385794cf84,1,1,0,2,100.0
f0996b01-0a9b-5a48-abbc-fa43a9e5dcdb,1,1,0,2,100.0
8c61a47f-f306-51b2-84cd-ab9be1a7a437,0,2,0,2,0.0
8c572e3e-6528-5d45-ae73-e9099409ea6d,1,1,0,2,100.0
f0ccd546-22b2-5966-9a9d-89aad69fe07d,1,1,0,2,100.0
bef8adf8-1050-514d-9087-8c67ff6e1330,1,1,0,2,100.0
8b0ee1ce-8354-562e-b9c2-a7f8cbae1bc4,1,1,0,2,100.0
ff33903e-d473-5d83-b012-9bdec344dea2,1,1,0,2,100.0
8ae976a4-85b3-574c-9224-2e486a26c489,1,1,0,2,100.0
f2b2085d-39db-54f7-a501-ff1459aea204,1,1,0,2,100.0
8b0bb24b-de7c-59f5-9446-14a527f50636,1,1,0,2,100.0
f3bdc027-1809-5030-922a-e21f0268c5b9,1,1,0,2,100.0
feb22df5-8226-5c97-af3f-1a20b3d976b5,1,1,0,2,100.0
f471ede7-0c78-5955-846e-593815a3433c,1,1,0,2,100.0
c04964bd-6af2-50fa-bf2c-616e6341167b,1,1,0,2,100.0
897c7f4c-8977-5c4e-a8d9-1f62e91f6645,1,1,0,2,100.0
8967b835-b607-582a-82d5-d2f02d7ade23,1,1,0,2,100.0
895f9bb6-17f4-505d-8fe3-be8f0420a109,1,1,0,2,100.0
cbd7ab30-6fc8-54be-9364-cd06af9b3920,1,1,0,2,100.0
f48d274a-3f55-5ab4-bfcf-3dfc2f293ffd,0,2,0,2,0.0
88ff72c8-0b3b-590c-9e28-a72480af5a0c,1,1,0,2,100.0
88eda960-3099-593e-959a-fa9dd9aaff37,1,1,0,2,100.0
88eb2232-eca3-444c-b6c7-44d1332bb588,0,2,0,2,0.0
88d2d85f-6239-5e93-b1c4-30a247f394c9,1,1,0,2,100.0
cbcda1a7-e10b-5d7f-82e2-516661df1e94,1,1,0,2,100.0
f5270842-28fb-5ab0-a7d4-f05a2410f14c,1,1,0,2,100.0
cbaf45ec-3cd0-5194-8a6c-a0c703314523,1,1,0,2,100.0
f556f794-2b41-5953-85da-ae49f0784e34,1,1,0,2,100.0
f38f35d5-7e7d-56ae-902d-716df5816371,1,1,0,2,100.0
89ab99ef-fff3-5715-bc4e-82dab5e3bf89,1,1,0,2,100.0
89ae12e3-e595-524b-af63-f805d266a421,1,1,0,2,100.0
8a46360b-4ae7-5626-b71d-3ddf358e9812,1,1,0,2,100.0
8aff7adf-7ca8-57c6-9024-b5a3322fd312,1,1,0,2,100.0
778ba088-6568-5ad8-a7a6-dd26e9a4dbfb,1,1,0,2,100.0
cbdffa7b-4a9d-5564-8b7e-f2647e23b59a,1,1,0,2,100.0
c00307b1-cfd5-5a49-b47c-8582f4cf41fa,1,1,0,2,100.0
8adfde54-1904-5cab-baef-e2c2bcc5475a,1,1,0,2,100.0
f2e3c9cf-3af0-51bf-b5c0-a46ab0ebb67c,1,1,0,2,100.0
8a8553c8-4f20-5556-b16f-42275348d783,1,1,0,2,100.0
8a27b299-ccce-5767-ade1-899215b70c25,0,2,0,2,0.0
f345a5ac-12b9-5302-8898-4f43a85d846b,1,1,0,2,100.0
f2ff200d-ac14-5c64-a9ef-2a5aa35ce827,1,1,0,2,100.0
f30014ca-0aa0-57a7-8a89-5da35585e5af,1,1,0,2,100.0
8a031555-53f2-5435-abe7-fd189e612026,1,1,0,2,100.0
89fdf16c-f06a-5c85-b1e9-da7ff885f1ca,1,1,0,2,100.0
c017228a-345f-5831-b6f6-532578306708,1,1,0,2,100.0
c5675013-a55a-5bfa-bb63-ce43be257438,1,1,0,2,100.0
89bb61c5-faf3-5495-bfc3-0fbc4763a228,1,1,0,2,100.0
778fe139-b5be-5224-8b42-67b4ee351146,1,1,0,2,100.0
8dbbfe2d-51a3-595a-9768-6526d967bb15,1,1,0,2,100.0
be94f82e-c79c-5782-83e4-9704685960de,1,1,0,2,100.0
926555c5-e4e8-5ece-bf48-98e8121122eb,1,1,0,2,100.0
ebf2998a-c0cb-55d7-8031-dcccd02b51dd,1,1,0,2,100.0
bd8c9867-9a04-533c-9960-17f615efcaac,1,1,0,2,100.0
ec201a3e-0a1d-57ff-9803-b76fc482c38e,1,1,0,2,100.0
fff38ca0-8043-50cd-a5f1-f65ebb7105c5,1,1,0,2,100.0
ffd73f8e-4481-57d7-8285-9b76993b83aa,1,1,0,2,100.0
920b9a31-49ca-5709-8bf7-d0d4ca4553d1,1,1,0,2,100.0
cd9c826d-15e9-5a1b-a79f-f84be11ccee1,1,1,0,2,100.0
ec5703b3-6f24-5ff6-901b-849a0068f9d4,1,1,0,2,100.0
91ead910-fa91-5e28-8ed4-92897b5e9ecc,1,1,0,2,100.0
ec8e6254-3b4e-42f4-b900-94f0859af66b,1,1,0,2,100.0
91e1e66f-7af9-59cb-b7b6-c6eeafa9eb99,1,1,0,2,100.0
ec9b3f1d-9684-4a82-ae74-c3c8638a6146,0,2,0,2,0.0
ecb0788d-0775-5379-867d-e24c43c3b688,1,1,0,2,100.0
9156550b-8dcb-5cfb-8fff-3e3e8de918d2,1,1,0,2,100.0
ecb61d67-3cf5-5923-a59f-7aa900fb17f3,1,1,0,2,100.0
9153cbf8-3347-56ea-a118-c2e4a9bc43b0,1,1,0,2,100.0
c64c86e9-8c94-5602-b374-b9d8f0aa3918,1,1,0,2,100.0
924b03c5-dcd9-5872-9fbd-19f95c0f5175,1,1,0,2,100.0
ebe9d5e5-9de9-5928-9882-f55c48869d08,1,1,0,2,100.0
ed42ec1c-30ac-491c-b591-d16b2d182fa7,1,1,0,2,100.0
ebaee1b7-b8ff-508f-8c62-829cd1526f11,1,1,0,2,100.0
9409a9d4-9844-56a5-82bd-789bef943e4e,1,1,0,2,100.0
bd510211-2372-53ff-80ac-69c3b50ad46d,1,1,0,2,100.0
eb1c9ec4-b12b-556e-a7c0-a341861ef422,1,1,0,2,100.0
c64af623-70c0-50a1-bc72-29b2fbdca206,1,1,0,2,100.0
934d3434-2e2e-50b0-9595-b04374fde993,0,2,0,2,0.0
cd9e7cb5-97d4-5020-ab1c-3a0f2d535dfe,1,1,0,2,100.0
76bcc432-ed85-5d3e-8c77-f29f24e8c636,1,1,0,2,100.0
9329be4c-2c36-4e8c-bc35-f3a5bf428c39,1,1,0,2,100.0
bd640855-c266-5534-8fbb-315704020d48,1,1,0,2,100.0
931c19c7-3741-5203-8f8e-0bfa0568001a,1,1,0,2,100.0
eb87cdbb-4cf8-53a6-abae-a4233d4041bc,1,1,0,2,100.0
9310c652-9427-58db-8c5d-c0d7ecd09cd9,1,1,0,2,100.0
bd75178e-f71e-59c5-b959-50c8de05694c,1,1,0,2,100.0
fff84c0e-90a1-59d8-9997-adc909d50e16,1,1,0,2,100.0
92babe17-d65f-5661-8bb0-25cd064cda16,1,1,0,2,100.0
eb8ff886-0c7b-5221-bc64-5322702f6731,1,1,0,2,100.0
92b819a7-28c3-5d4e-8aed-8fda08b142da,1,1,0,2,100.0
ccfecf85-316d-4ea2-aab7-06f9966b026b,1,1,0,2,100.0
9113063d-bf9f-5149-8d19-e7aa9bff2fea,1,1,0,2,100.0
8d6b42ae-ed92-5e9f-b880-27d42a73d499,1,1,0,2,100.0
be6f6a5d-9291-5169-a5d3-d49c37818fe8,1,1,0,2,100.0
8f0c9f08-065f-5bf6-8ba5-e3a2b0dea3f4,1,1,0,2,100.0
7755095a-3eea-5d1e-9b08-3cb79d35d23f,1,1,0,2,100.0
be7b3065-6ae7-51ec-9868-98ede23ebff4,1,1,0,2,100.0
ee40ce91-c034-59f0-aad5-0afba9f33c99,1,1,0,2,100.0
8ea81688-04d0-5ae5-bf12-0b96223f9d0f,1,1,0,2,100.0
8ea5cebd-e1a9-595e-8c5c-69efbbfd5446,1,1,0,2,100.0
ee5562d2-17da-5fc6-aa94-dffd88b2bbe1,1,1,0,2,100.0
8e92bbf2-c349-5d47-a529-e505d0b69e82,1,1,0,2,100.0
8e51c225-2431-538b-bb57-159835e3413d,1,1,0,2,100.0
8e292646-38b7-5ec9-9451-09a3476049e9,1,1,0,2,100.0
77651db2-5c53-502e-b159-88cc50de98d6,1,1,0,2,100.0
eebdab16-6c53-53f0-8512-5612daf0b6d2,1,1,0,2,100.0
ef0541c8-1ab7-5968-ba18-b891593ba4da,1,1,0,2,100.0
ef095cc8-1f79-5ebe-a137-d359cc7cecd0,1,1,0,2,100.0
f55e648b-9bbc-59a1-a492-ac789086e339,1,1,0,2,100.0
ef1f3794-b65c-5b5b-a451-16b89e6aca6d,1,1,0,2,100.0
8d943db9-6c89-584d-8f02-5ad9e12350f3,1,1,0,2,100.0
8f1201d6-0625-5746-b8a6-b709a52e6c28,1,1,0,2,100.0
be64e95e-2901-5c1f-bc03-d6e5fd9fee9d,1,1,0,2,100.0
be24f3c4-6306-5f07-8b1b-c8be23ab90bc,1,1,0,2,100.0
be53cd9e-defd-547f-9160-894207f102be,1,1,0,2,100.0
90e1f330-6384-5b57-a7bc-cdbfa329902f,1,1,0,2,100.0
edb1ab25-b633-5ec3-b2d3-a3b8ff998c7e,1,1,0,2,100.0
90b1c6b7-7343-5eba-92a7-973a4c93ba60,0,2,0,2,0.0
ede39111-9829-5da7-879d-3179407e13c2,1,1,0,2,100.0
edffb7b7-025c-5024-a3bd-4853151253ba,1,1,0,2,100.0
771459df-7021-4171-832a-2874471a8fbb,0,1,1,2,0.0
7722ed28-9e9b-510b-9a6e-1ac0b1aeb713,1,1,0,2,100.0
ee03d597-466f-5da8-aa11-f1d59eeb4247,0,2,0,2,0.0
9001eafe-30d6-5ec5-a246-876fab14ff0f,1,1,0,2,100.0
8ffe2e1a-9d11-588f-bfe6-cc70e6bc6b7f,1,1,0,2,100.0
ff8bd530-b50a-52ea-b131-65ccd5e896c4,1,1,0,2,100.0
8ff5655b-262b-5456-b72d-c117fa7c9603,1,1,0,2,100.0
be47336e-0dd0-5d51-9524-fba0ff45f0ad,1,1,0,2,100.0
772f30fc-801e-5c61-8382-581a98755ac8,1,1,0,2,100.0
8f9f1fd6-715d-58f3-906a-e4be045773e3,1,1,0,2,100.0
ee1ade04-79c0-5d90-b6ec-826f80d835be,1,1,0,2,100.0
8f9480db-e942-58b4-8ca3-944072cd694b,1,1,0,2,100.0
88aa30c9-2cce-5ddc-b1d1-0af2229896a9,1,1,0,2,100.0
87cb82d0-a683-55e7-b64a-f95c63f40ae2,1,1,0,2,100.0
c0742b54-39d7-57b8-aa87-7948fe87a904,1,1,0,2,100.0
c955bab1-31ec-570c-8490-fbb55c1f6c46,1,1,0,2,100.0
fb433540-60ab-5fec-908d-f64860a787a9,1,1,0,2,100.0
7e7baf7f-589c-5a7a-885c-667fd353be6d,1,1,0,2,100.0
fd57c4f5-50bd-5682-97ca-c063c0c0ed6d,1,1,0,2,100.0
7e7736c7-32e9-5622-982e-32e7fd903b58,0,2,0,2,0.0
7e6fa9d4-fca7-5594-9549-57ebc179d822,0,2,0,2,0.0
7a631004-aac3-5df7-9507-bb50bc5fbfcd,1,1,0,2,100.0
7e5a259e-400f-525f-b298-e0bcac8196ee,1,1,0,2,100.0
7a674264-ac7a-54c4-bca0-235d66e07d71,0,2,0,2,0.0
7df5e5b0-3d0f-5719-8f57-a48b58840876,1,1,0,2,100.0
c8fdef5f-fd56-59df-b58b-09d6f7dac64a,1,1,0,2,100.0
7dd83575-c2fd-5805-a69e-253cb195d9f8,1,1,0,2,100.0
c2a3e4eb-b632-5dfc-88cc-26da0147547a,1,1,0,2,100.0
fb64b8d6-8998-5659-aaa1-eb64df16cf80,1,1,0,2,100.0
7dbeb441-8268-53f8-a19a-04df0d9bfd29,1,1,0,2,100.0
7aa411d9-7690-5af3-8aeb-22d85901d691,1,1,0,2,100.0
fb6a21c1-bfca-5921-ad9a-8cbb9db0a76c,1,1,0,2,100.0
c9131a5b-2172-5521-ad40-3c464391c980,1,1,0,2,100.0
7db06b78-ebb8-53c9-917c-a4d03f15afb0,1,1,0,2,100.0
fb2c6480-4e33-52ea-8d6e-9a3fd6315247,1,1,0,2,100.0
fb1c4ec8-7bbe-5749-9634-2b255eda9bdf,1,1,0,2,100.0
fac034e3-b169-510c-8f9a-66a426c11760,1,1,0,2,100.0
fdfd447f-2e87-527b-bad3-789930229c8d,1,1,0,2,100.0
7a3833b4-e3d6-57c1-85c4-76ca2294ba2b,1,1,0,2,100.0
7f9e60c1-6ec1-5864-9f3a-3bbbd533c77e,1,1,0,2,100.0
7f90595e-4b5c-58a5-a268-0d91887e0b46,1,1,0,2,100.0
fa0f6563-38af-4eaa-85a9-607694495734,1,1,0,2,100.0
7f6ed716-a210-5a50-ba70-e8ac78d99c93,1,1,0,2,100.0
fa11ac96-294f-597e-b992-d0c5c36791ac,1,1,0,2,100.0
c21d9a28-cf15-5e96-82d3-e2cc21b01e7d,1,1,0,2,100.0
fa6e97fa-79a8-52b5-b320-539921f62a9a,1,1,0,2,100.0
7f3d1051-cb69-54c4-9bda-62b1671aa6f2,1,1,0,2,100.0
c22bfe12-d185-5ac4-8358-6acb28b4d290,1,1,0,2,100.0
c25059fe-2763-5e66-9cce-84e9766d1c4b,1,1,0,2,100.0
7f37ce74-290d-50bc-9d85-d49f730382a3,1,1,0,2,100.0
c2765f4f-ca0f-5c86-b92d-66d3385ba459,1,1,0,2,100.0
7f004b0e-514c-59d5-b650-b952c1272674,1,1,0,2,100.0
fa77dda0-1660-5c76-8dfa-91612df7802f,1,1,0,2,100.0
c28b1725-a67e-5f4d-87e0-c7207541673f,1,1,0,2,100.0
7eefd081-f637-553a-b6c1-ffe77c352e02,1,1,0,2,100.0
7da4465f-c5c3-52f3-94ef-5e9cc06b49d3,1,1,0,2,100.0
c2ca88d3-7158-4e8f-949b-cdca5e0b7fad,1,1,0,2,100.0
7fb1f80c-8a4b-561c-b640-fd769f3b7b42,1,1,0,2,100.0
7ac283f4-a588-545a-b4ee-d2fecfadf90a,1,1,0,2,100.0
c7e49080-c61f-5390-8252-4df9dacabd25,1,1,0,2,100.0
c3b8e3c1-6832-53cb-ad20-31472367edbd,1,1,0,2,100.0
7bfce601-5d96-5fef-858c-ad2ab4e26656,1,1,0,2,100.0
7bf2a354-8ff1-5b50-b393-9c223299d1ad,0,2,0,2,0.0
7bdabf0c-d3b7-5ca1-9fbf-1600e3fd1527,1,1,0,2,100.0
7bcee3a9-7ec0-521b-9623-78f8ae46f519,0,2,0,2,0.0
7ba52b29-ab1a-512d-9787-ef7d201d07a2,1,1,0,2,100.0
c7e0ac15-7f9c-5add-adb2-5a72e338a213,1,1,0,2,100.0
7b7d49b4-4f75-46bf-adab-aaf3a37798ee,1,1,0,2,100.0
fba69e5d-a651-5914-b061-328dbd7b1277,1,1,0,2,100.0
7b7b18a2-391c-53d4-8677-1a93fc4f323e,1,1,0,2,100.0
fc931cda-2338-5a7f-a94b-a6e9426147ae,1,1,0,2,100.0
7b69bf73-82b2-589c-a41e-07c236f52172,1,1,0,2,100.0
c7a7659a-77ba-547d-ad46-475d1de37ed1,1,1,0,2,100.0
fcf184e3-6d3d-5892-9b65-798704981dd7,1,1,0,2,100.0
c722cabc-3e9b-5ab5-9243-c0dc23524e42,1,1,0,2,100.0
c4261a39-f92d-5c8f-a434-dfe6b2d3b278,1,1,0,2,100.0
7af49875-0b02-5fb4-a7c9-8c744e0bc916,1,1,0,2,100.0
c34b1a06-4d84-54e7-80b9-69e9ea92426b,1,1,0,2,100.0
7abd645d-801a-5e99-9555-8ee473beedc0,1,1,0,2,100.0
7c7d7c95-7ed6-5293-b43e-5cf25e447162,1,1,0,2,100.0
c44ff397-1614-5968-98f4-f04e897e9847,1,1,0,2,100.0
fbae872a-6a13-50eb-8558-f82d9d0af247,0,2,0,2,0.0
c2d99bb2-6ea3-568c-80d3-44dc36250cbc,1,1,0,2,100.0
fbd9e576-4f4d-5eb5-b7df-3fc82c8eeeac,1,1,0,2,100.0
7d45a91e-a318-5714-8972-51abfea1b6d6,1,1,0,2,100.0
7d301be0-b0f2-5463-be59-8f397d0e5887,1,1,0,2,100.0
7d2d148b-abff-5327-bc42-be11a8c4b170,1,1,0,2,100.0
fbdc40aa-14d3-5b83-8ecf-72a57adddb98,1,1,0,2,100.0
fbe2fa14-7696-5114-b75b-686713a30588,1,1,0,2,100.0
c2e73ada-b3ca-5649-871d-4165d75f42e3,1,1,0,2,100.0
c2ecfcef-a9d6-5dc3-b707-fdb45e6331d6,1,1,0,2,100.0
fbe34b4e-9e29-4dd4-bc6a-63c384b2cf4a,0,1,1,2,0.0
fbef0925-d076-5d94-acac-82c8a84f5912,1,1,0,2,100.0
fc2c6991-f526-5d81-94f4-ab23336dbdde,1,1,0,2,100.0
c8c87c49-f1f1-5f4b-b306-e201395cd46f,1,1,0,2,100.0
c8210a7d-abc7-5b5d-83b3-873c34ca9293,0,2,0,2,0.0
7aad8649-5c40-5983-a8dd-fe8dc3386669,1,1,0,2,100.0
fc7a7a49-f2e7-544e-a81d-b8e2134e3252,1,1,0,2,100.0
f99d7c98-f6cb-5da5-a034-5cd1e2a9fc68,1,1,0,2,100.0
c45ba8cf-2b65-5175-a391-bb1cbb44f708,1,1,0,2,100.0
f5973339-c396-5c06-a00a-e8c9bb98aedc,1,1,0,2,100.0
85a70b8f-e30e-5015-9607-fc940975861e,1,1,0,2,100.0
f62ccf88-49c2-5274-9ad8-de52993afff1,1,1,0,2,100.0
f6459348-3239-553c-8df0-9de261aaa06d,0,2,0,2,0.0
c4d1f951-c7dd-55e7-bf32-8b3c53b46ae4,1,1,0,2,100.0
c137bd54-b2c3-50b8-a0ca-780edddd489b,1,1,0,2,100.0
85fc2f73-224a-585a-911f-ac6dbd29f145,1,1,0,2,100.0
f6742e31-6818-537a-9f4a-94aa5e074dbc,1,1,0,2,100.0
cb19d769-5742-53d6-9d01-a1a3b0e86c60,1,1,0,2,100.0
85c3bb1e-74fe-5cb4-80a1-e536792e1df4,1,1,0,2,100.0
f6c0efbb-99ea-5e90-97d3-0aec236588c2,1,1,0,2,100.0
f71d998c-39ac-51ed-b88a-d1f562709c4c,1,1,0,2,100.0
cb14456c-c4c5-5753-a4c5-8243480c118b,1,1,0,2,100.0
eb05b1ed-ee02-5b6b-97bc-dd07e50b8838,1,1,0,2,100.0
84ea9b42-61b0-5494-b3cf-696765a9bef8,1,1,0,2,100.0
84dd31d4-8fce-5eae-8562-5981b64f252e,0,2,0,2,0.0
caf13ac6-d4d3-58c2-8da3-3991faff39fb,1,1,0,2,100.0
84d40c70-31e8-5467-8a48-6867e400a047,1,1,0,2,100.0
84890fb4-eea3-5796-9bad-1214ea1c651e,1,1,0,2,100.0
c15696d4-b731-5678-aa8c-6ab6e765777e,1,1,0,2,100.0
cb28bab1-46cc-5360-a552-da056e6518ed,1,1,0,2,100.0
c0d964bf-b211-5eef-9e14-7a67d63578f1,1,1,0,2,100.0
86313302-a448-516a-bf7e-921e9843039e,0,2,0,2,0.0
cb3574b9-d39b-539e-bba2-f51dcfee911d,1,1,0,2,100.0
7881adcf-35ae-5df8-ac73-effe3c1241fe,1,1,0,2,100.0
c40c33f4-c58c-5726-af1f-67fc8cff7658,0,2,0,2,0.0
f5a679d6-c429-5948-99a1-32cc5785d259,1,1,0,2,100.0
878c44c5-37b7-52e3-a3dc-a276d6423dec,1,1,0,2,100.0
fe4553c2-1fff-553f-b69e-40b1506e7190,0,2,0,2,0.0
87409cec-fc5a-5e0d-a8c5-97323aa7b03f,1,1,0,2,100.0
873fb9ad-f6e9-5dd9-81ab-e50215a01836,1,1,0,2,100.0
cb872941-ff48-5d93-bcff-e7760ca302bc,1,1,0,2,100.0
c09eab3a-99c0-5574-bd78-764a66501a45,1,1,0,2,100.0
c09fc05a-fc98-5943-94c8-98f41212a034,1,1,0,2,100.0
f5a85e33-c3b3-5d9d-83d3-57e04ee0afb9,1,1,0,2,100.0
cb789002-63a4-522b-8346-7c52e310d411,1,1,0,2,100.0
cb5ea913-41b1-5c91-a087-769935461d7a,1,1,0,2,100.0
86765093-2155-5a45-96f5-12d7129d0b42,1,1,0,2,100.0
f5f9109c-fc6e-5db0-a03e-f72c29572149,1,1,0,2,100.0
c6b7364d-fbb2-5137-b649-92dee3cb071e,0,2,0,2,0.0
86443cdd-0777-59c3-abd3-2cd459cf575d,1,1,0,2,100.0
8485e76a-4d71-506f-8377-f0dce3901d65,1,1,0,2,100.0
8471b010-64df-5c3d-8a1a-55067cce3b3c,1,1,0,2,100.0
c1edb3c6-cefb-5276-8bcd-f9883caa04f2,0,2,0,2,0.0
8093e72d-fd77-585b-9628-7ccc448499a2,1,1,0,2,100.0
8101b2ad-ae02-552e-b03a-5c7b71be6780,1,1,0,2,100.0
796b8605-aebb-5445-b01f-e525dcaf68f8,0,2,0,2,0.0
f89d0f47-80e3-5ca8-8303-6ede4d2c2ee4,1,1,0,2,100.0
c996f8cd-25dc-4c4d-b9d7-07abcf72a910,1,1,0,2,100.0
80e0c7fb-234a-5051-8fff-1b2f6040debd,1,1,0,2,100.0
80bee917-1543-53dd-aafc-f8d879a3f6c2,1,1,0,2,100.0
c97093a3-8286-5dea-af51-12f3a5bfbdd0,1,1,0,2,100.0
80b799c4-94ab-5add-a495-37650fe42c0c,1,1,0,2,100.0
c96c80a1-a635-5264-9b22-a4269d43cf1b,1,1,0,2,100.0
f71f9f10-5e5d-5e7f-b1a3-9f7ca2d82014,0,2,0,2,0.0
c487c360-b4cb-4f28-8be8-81e4dc504d84,1,1,0,2,100.0
fdfe52fb-e8b2-5bdf-886d-ef813f10bdfc,1,1,0,2,100.0
8067cd8c-eec0-5347-8e3e-fbb2478f368c,0,2,0,2,0.0
8038ae10-8caf-54ff-a5a8-32e581fdbca9,0,2,0,2,0.0
c1d69e4d-65a7-59bf-b9db-86a3dcd907a3,1,1,0,2,100.0
f93c1093-94d4-588c-9de8-7874ebbc7d92,1,1,0,2,100.0
c1e3cace-6d32-5d5a-9f6e-48f303ba75e0,1,1,0,2,100.0
79c0d9f0-4e2b-5c36-962a-2aa4c101681b,1,1,0,2,100.0
f8995840-5284-5961-b9dd-b7b34c437476,1,1,0,2,100.0
819ee6bc-301b-4dcb-b5ab-107234c5c884,1,1,0,2,100.0
81a2dde4-8b70-53ec-bc23-52912aefefc2,1,1,0,2,100.0
c9cdacb2-dc6a-5027-a2e5-ce35b3896930,1,1,0,2,100.0
cae8f818-08df-5934-8bb3-28c031230d9f,1,1,0,2,100.0
cabd2829-8b18-5922-9798-3d4d951c517c,1,1,0,2,100.0
83af5043-fbf1-5621-b888-fbb69aa1dbc6,1,1,0,2,100.0
793218f9-e28a-538b-a779-1ad57827f34f,1,1,0,2,100.0
833ae93e-df54-53f1-b734-31aaab247b4f,1,1,0,2,100.0
82d4b626-6fb1-5ef2-bf3c-f423f53e800b,1,1,0,2,100.0
82c3c4c3-6a29-51ef-b13c-f7483bc1406a,1,1,0,2,100.0
f7397f83-c871-5cda-b112-e03ad9e9c7f2,0,2,0,2,0.0
f79f7da7-6acf-5f56-bdee-0fba9eb8e895,1,1,0,2,100.0
f7c32252-04f0-5fe2-9b5c-bfc1b9975bf1,1,1,0,2,100.0
826d4022-652e-5776-85df-fa5cb3abd11e,1,1,0,2,100.0
c7193391-d809-5c50-ace3-69555f977d2b,1,1,0,2,100.0
82265bb8-021d-5910-9bb6-5c3a8ca44eb0,1,1,0,2,100.0
ca062b7b-3f22-5378-ab04-3d7fa322d17c,1,1,0,2,100.0
f84c153a-b013-59ae-977c-d43ba5206733,1,1,0,2,100.0
81d1c140-8f47-5aaa-8ad1-8b829c6d9096,1,1,0,2,100.0
81d10a0b-2400-5ece-a8fa-6e09b4bb4e27,1,1,0,2,100.0
94407d0a-ffd1-551b-820a-e50a0dc6ef39,0,2,0,2,0.0
d4482cbc-97f2-5f15-87a0-1ad5ac044e4c,1,1,0,2,100.0
bcd7445c-4275-5bb6-a261-0d241b4ca511,1,1,0,2,100.0
dadc7b31-d72d-597d-b6b9-6e4a2d2ffc59,0,2,0,2,0.0
a90177af-4866-5857-bc36-124abac5411c,1,1,0,2,100.0
a8e92016-e9c8-50e7-940e-1a08a32c7fd9,1,1,0,2,100.0
a8e5f047-879c-527a-9edb-8c59f160d7d3,1,1,0,2,100.0
b5d99a99-ddee-53a7-a8dd-3a0c28d5802c,1,1,0,2,100.0
dadf8c17-3fcc-5f3d-ace0-f5b0d1fe607c,1,1,0,2,100.0
a89bd4fc-7c21-50eb-bd69-4cef8b775737,0,2,0,2,0.0
b5ead99c-bd49-5358-bb5e-14e959cad41a,0,2,0,2,0.0
a86d3079-30ad-5c05-85e2-47375600d741,1,1,0,2,100.0
a85a8194-d640-5fc2-874c-048a39e24de6,1,1,0,2,100.0
dc0467da-d26f-5391-9fc6-a6a5e6cdd883,1,1,0,2,100.0
a8381304-009b-5bee-b2eb-350f2495d6fb,1,1,0,2,100.0
dc2272fc-481c-56b3-b2ad-9b413dd8da91,1,1,0,2,100.0
dc3d7f9d-a0fe-5566-80aa-8b0c04d47fce,1,1,0,2,100.0
a7d2034f-1739-5207-8a4d-635043cc5e46,1,1,0,2,100.0
dc6f4189-d1e7-581b-974f-49c9b6b6bec4,1,1,0,2,100.0
b5f1fea0-c0e4-566a-b483-a75e33d1db0d,1,1,0,2,100.0
b5fa1d4d-d38c-5a87-ba52-bc3015862b1d,1,1,0,2,100.0
a7c2ac50-6862-59ee-990c-6dd69c69560a,0,2,0,2,0.0
d11b05e8-9cd7-402d-8be7-3c800ef1131a,0,2,0,2,0.0
b5cef736-df24-5fa2-905c-cfe5574844b2,1,1,0,2,100.0
a92b7b2f-d227-4235-be46-da9d479b077c,1,1,0,2,100.0
dc987ff8-ec1e-5249-bd57-d4db4d452d8b,1,1,0,2,100.0
a9651b4e-bc93-46d0-9cdf-30469bca72a4,0,1,1,2,0.0
da16a9fe-d874-5a26-b717-84c5c38a7d1a,1,1,0,2,100.0
da232b3a-405d-4e90-8f75-679f397f2b08,0,1,1,2,0.0
aac07aa1-4a09-5154-901a-a353e45d454b,1,1,0,2,100.0
da48161d-45e8-57e0-91f3-695eb7676843,1,1,0,2,100.0
aa60a0f2-a651-5798-a925-a0cf5dc58351,1,1,0,2,100.0
d1a1fe77-5237-5d4f-9a4c-2f6d01918c50,1,1,0,2,100.0
da48f1fa-8839-5043-8969-43a89eeb6ef0,1,1,0,2,100.0
d18d2ae9-6a74-5f8d-b774-d4c8f7d5f488,1,1,0,2,100.0
da530e47-f6b7-5dab-8f1f-7828a744953e,1,1,0,2,100.0
d16d4399-4cfa-5cd8-9290-83df8b7ac0b0,0,2,0,2,0.0
aa1fd11b-c03c-5b73-aa3b-e72b6a981ccc,1,1,0,2,100.0
aa183a2a-0443-5f80-8ac8-a9d83520bda1,1,1,0,2,100.0
aa047c4d-53eb-5f68-b126-80c7ed28bc55,1,1,0,2,100.0
a9ff18b5-1571-5e47-8272-54403913412a,1,1,0,2,100.0
a9e8f7c5-63aa-56bb-a927-a62d70285618,1,1,0,2,100.0
a9cba890-0b58-5fcc-8e01-7d8faecb2d6e,0,2,0,2,0.0
daa8f6e9-308c-567b-9afe-afe87a165b3f,1,1,0,2,100.0
a9b2b622-c0e9-5995-a775-1e205bf5f069,0,2,0,2,0.0
dabd0cb5-1861-5374-a6e5-e81a6eac9616,0,2,0,2,0.0
a7a46b01-30fc-50f0-9ac4-af3ef2b4932c,1,1,0,2,100.0
b67cce70-3f17-5084-bcb9-0a4a8c3e48f3,1,1,0,2,100.0
d9bf6042-97e9-521e-a421-753b5181bb9a,1,1,0,2,100.0
a667cd35-6c1a-5cc4-8c86-f03b95e57f1f,1,1,0,2,100.0
a63e6f1d-f2ea-5b4f-8db3-95c331be2b7e,1,1,0,2,100.0
a5f5e2f2-864f-5e6c-bdb3-154950d77543,1,1,0,2,100.0
a5d4c26c-14b1-5d83-99be-544546452a52,1,1,0,2,100.0
a5b84c18-1dca-552e-b71b-c08c4f1ca008,1,1,0,2,100.0
b78fb2d5-9c69-50c1-9015-912e9d240d5c,0,2,0,2,0.0
e003effa-4fa2-57b1-a462-63f73942f5cf,1,1,0,2,100.0
b79014e3-0e92-5279-9351-418e929b5b84,1,1,0,2,100.0
a5abaaeb-a5b1-586d-8292-e2349bb935ce,1,1,0,2,100.0
a5617692-41a1-4718-ad2b-d2096eb98b02,1,1,0,2,100.0
d0a4cfaf-abdb-5533-8d31-aeb4ac045e2a,1,1,0,2,100.0
a50f89d4-2f89-5f50-bdc4-7e577c53ceca,1,1,0,2,100.0
b7a2c165-564a-500b-a010-c4a419a88490,1,1,0,2,100.0
a4d0eca1-53ca-55bc-96dd-378460c0f3dc,1,1,0,2,100.0
e0383ab8-a31e-5470-b315-b8cd3622b462,1,1,0,2,100.0
e058df40-aa55-5d60-a095-b7b2588cdc7a,1,1,0,2,100.0
a46bf219-40d0-59e0-af69-175ba49c0564,1,1,0,2,100.0
a45820b8-f28f-4427-9de5-ebd974fb6073,1,1,0,2,100.0
e09cc1d0-ae77-4d49-9570-5aa5efb6cb53,1,1,0,2,100.0
a45428f5-d762-5ba2-8885-e440d96102dc,1,1,0,2,100.0
a6409268-f506-58d7-a46a-bab68218a2d2,1,1,0,2,100.0
dfd1e41f-ad56-5097-83db-17dea7b296ea,1,1,0,2,100.0
dcefb73c-ef03-5d54-9881-6d70fe72dcc9,1,1,0,2,100.0
a689fb84-1b2f-54a7-bb1c-520aec02fcc2,1,1,0,2,100.0
d101d7b6-f77a-5007-8b02-38948a37e886,1,1,0,2,100.0
dda42e34-65db-5108-9f4f-ea32c1119be1,1,1,0,2,100.0
ddd8f4d2-8225-4398-947c-23f6831df624,1,1,0,2,100.0
de04c9ce-86ec-5d41-93d6-f977a8296295,1,1,0,2,100.0
de650cca-df14-41de-b2d5-4c4325222e10,0,2,0,2,0.0
a6faa007-25ea-5e1b-a876-8482f1a8af82,1,1,0,2,100.0
b6bae6fe-685b-5ec9-a1fc-16cf5e9a39e0,1,1,0,2,100.0
d0bf201d-f4ec-5a14-8bd5-c6323a345eca,1,1,0,2,100.0
de7e1b64-b2f3-5aaf-8c47-753bcd6a6197,1,1,0,2,100.0
de9c8210-1741-5ca5-81b5-c99c962e9f6a,1,1,0,2,100.0
dee1a83a-3332-50dc-82ec-1c6e87bb2feb,1,1,0,2,100.0
df02d2d6-dfa1-5eb0-b594-02c47cc702a3,1,1,0,2,100.0
a6c33729-486e-5b43-8a5d-976a3cbba0ab,1,1,0,2,100.0
df078231-ab6b-5f75-afc1-02494fd67ea2,1,1,0,2,100.0
df321d84-d1c7-5908-88fc-59788d8ee915,0,2,0,2,0.0
b731ab92-2312-587f-923a-05f623195b08,1,1,0,2,100.0
dfb06416-2b1e-5f3d-87a0-29b119c52ec4,1,1,0,2,100.0
a6a1f6b9-ce5f-5f8d-9663-a49b1fb4eff5,1,1,0,2,100.0
dfcd400b-46e6-47a1-99b1-0493fe22ea60,1,1,0,2,100.0
d9c12c87-11d7-51cc-8ceb-451c185e4fc9,1,1,0,2,100.0
d9bf2e52-4ffc-5777-9bd8-5fe3c800fe1f,1,1,0,2,100.0
94581425-b490-574a-919a-c70e61a836db,1,1,0,2,100.0
b09be8dd-b653-5817-bad0-0acfd9c463cb,1,1,0,2,100.0
b45bf061-fa62-45eb-9311-2b5c0c2f8490,1,1,0,2,100.0
b0519c1b-25ef-5edc-b071-ad985ae97891,1,1,0,2,100.0
b47b3e62-4242-5436-af7e-06a0a5fa38af,1,1,0,2,100.0
b03551fc-5986-5bc3-8715-754638f45bd2,1,1,0,2,100.0
d5ca5830-7634-547b-b1e5-193d38b0735d,1,1,0,2,100.0
d38167c0-e882-54aa-b90d-08fd3594011a,0,2,0,2,0.0
b00341b4-a71e-5a2c-a434-395dba5b7e09,1,1,0,2,100.0
b47d19c5-d1f3-5b86-92a8-57427cee9fc9,1,1,0,2,100.0
b49b8ecf-d220-5ed0-8e4c-488e0733f436,1,1,0,2,100.0
af65d8dd-e790-5577-9029-dc5281a2ceb1,1,1,0,2,100.0
d31c0b00-6fc0-5dad-bd26-dab16944d364,1,1,0,2,100.0
d613beb7-8e6d-579c-a7cd-48383f14e45c,1,1,0,2,100.0
d6483429-53a5-5457-8c11-97f148342043,1,1,0,2,100.0
af43e843-b957-5bf6-8869-a877ed4a6802,1,1,0,2,100.0
d69edde7-81b7-5754-822a-33dc44887a28,1,1,0,2,100.0
b4ae65ae-003c-5188-9f6b-a84ed8bff587,1,1,0,2,100.0
d2e671cf-1524-522c-af17-4f091d4509b1,1,1,0,2,100.0
b4b30a1f-6c77-5f36-b073-04e07f9e321e,1,1,0,2,100.0
aec58770-0c6a-51d4-a4f5-d803c9076717,1,1,0,2,100.0
d52f95f6-e318-5ae1-8d43-d5c5ff4cf6b2,1,1,0,2,100.0
d5296d38-d703-5bd3-bf59-711b63e7bb0a,1,1,0,2,100.0
ae7aadc8-e472-5019-9203-2060b3b2ecac,1,1,0,2,100.0
b44c54b7-5348-557f-a45a-5e1795fc699b,1,1,0,2,100.0
d476e79c-d769-5dd1-a430-00b412f56c0b,1,1,0,2,100.0
d4a21b72-aeee-5e11-a1a6-8928ec8bebdc,1,1,0,2,100.0
d40a3734-4d39-5af2-a3d6-b57ef810e95e,1,1,0,2,100.0
d3ea657c-4468-550e-8df0-dd206ee7f281,1,1,0,2,100.0
d4a28929-e9cf-5380-b10f-90396b018992,1,1,0,2,100.0
d4a7b0a4-861c-4635-b361-300e5c0f5595,0,1,1,2,0.0
d3bf2b3b-3e9d-5ba9-8f3c-8fda84568a1e,1,1,0,2,100.0
d4c61ffa-1136-4212-ad25-30145d57f39a,1,1,0,2,100.0
d3a6d18f-fbf8-5136-920f-bb0dd1fea4af,1,1,0,2,100.0
d4d57b0b-3515-5860-8faa-b6a5c1a35fd9,0,2,0,2,0.0
b1f942f8-f9dc-556a-803c-5f06e14baeb3,1,1,0,2,100.0
b1da7e80-d29e-5573-9530-4282734d2702,0,2,0,2,0.0
d4ee2748-dda6-5168-93ef-8714f8c23e1c,1,1,0,2,100.0
d50db944-7fc5-5a27-9f49-15f2d7591fa2,1,1,0,2,100.0
b1999040-e176-5cc9-a58f-2d4446e38821,1,1,0,2,100.0
b136919b-fd6b-5e62-9eb9-395800eb848f,1,1,0,2,100.0
b10304f7-24af-5660-8208-44339a29e2af,1,1,0,2,100.0
b0e05a9f-4459-5aef-b301-989479b48b9f,1,1,0,2,100.0
b0d32ca8-5339-5352-b99d-3873bd3a246c,1,1,0,2,100.0
ae902dfa-5dc8-5a6a-99f4-9b616b418e62,1,1,0,2,100.0
b4b4608a-9770-576e-bbd7-ac36d4cd419f,1,1,0,2,100.0
d995744f-d5ae-524b-855a-74fd45aa483a,1,1,0,2,100.0
ace6d064-4006-5284-bd00-a2776c31df57,1,1,0,2,100.0
ac9e13d7-d188-5505-8ae3-8b58150a4569,1,1,0,2,100.0
d8009120-133c-52b9-bc0c-917bd6d37cdc,1,1,0,2,100.0
ac58adf2-028f-4eec-af19-b3fc9a698005,1,1,0,2,100.0
ac4359a6-17e2-5aa6-a87c-d21f2ce269d2,0,2,0,2,0.0
d8c2129f-5875-5114-86cd-187604238667,1,1,0,2,100.0
d8e94e03-442f-5e5e-95f4-15fe03395bb2,1,1,0,2,100.0
b532c177-cf92-5a47-a017-8dca2d585b7f,1,1,0,2,100.0
abfef2f6-84ed-5432-b1ba-16810cddb582,1,1,0,2,100.0
abd6ac58-b06f-5795-9ffc-5004bc7f37b2,1,1,0,2,100.0
abcb7747-5542-55eb-996a-3a25a1c82f4f,1,1,0,2,100.0
ab5e18c6-1418-5a0d-9c86-7e1191fd7f9c,1,1,0,2,100.0
b53fc66b-dc59-5a95-af39-f29a6f526d53,1,1,0,2,100.0
d1be8f49-f927-508f-acc5-96ee18124e66,1,1,0,2,100.0
d96cbe53-166e-5d47-b5f4-32ca826e66cd,1,1,0,2,100.0
ab4b9f70-5cd0-51ab-8742-8ada4aa1cbb3,1,1,0,2,100.0
d1b6ad96-906d-505b-83f2-9c032fa1792d,1,1,0,2,100.0
aaf96195-b7a1-5b4f-a150-7c712c674bfb,1,1,0,2,100.0
aad43d22-c658-544d-a375-893b70c1e08b,1,1,0,2,100.0
d986f98a-98c1-538f-ba18-bd2e5742819b,1,1,0,2,100.0
acd49d20-9ad8-5310-a9dd-51d619790813,1,1,0,2,100.0
acf4d811-9672-54a9-81b5-eb7194315156,1,1,0,2,100.0
ae72cd17-c50e-5c07-9b25-11315f23e09b,1,1,0,2,100.0
d21a7cac-42ff-5b2e-ab38-c744ffcc029e,0,2,0,2,0.0
ae62d2f4-0e88-537c-9fa7-20d6d88047aa,0,2,0,2,0.0
ae3abc3c-4ba7-592c-bf05-1a5083e6ebb0,1,1,0,2,100.0
ae39aff5-5d00-5f26-9b7d-89720e42236c,1,1,0,2,100.0
d7247304-022c-520f-b983-563805d255dc,1,1,0,2,100.0
adefabf0-65b1-5b77-a935-311f64e071ba,0,2,0,2,0.0
d74ed7be-3c28-51ca-ba20-556fd262e688,1,1,0,2,100.0
d76b3b73-4c4a-5abc-b99b-753929586f01,1,1,0,2,100.0
d798f6b9-a5f2-5b11-b096-ed592d4330e4,1,1,0,2,100.0
d7b344d9-6d2f-5890-8d64-55ee3734c964,0,2,0,2,0.0
d7c8944c-5769-596c-93b1-8ed60555fdac,1,1,0,2,100.0
d7cf4b93-9af1-59a6-83f3-5844e9ae9874,1,1,0,2,100.0
ad71df36-9762-5508-94e0-a3c5d9d881da,1,1,0,2,100.0
d7ea3f84-c2e0-52c9-b2ea-2cc5ca2bc886,1,1,0,2,100.0
ad6b7480-4984-562a-9296-3bcd143fdc17,1,1,0,2,100.0
d7efe6bd-8cc2-582d-8cbc-4b39ec9dd5cd,1,1,0,2,100.0
d7fd97a2-c4bb-5881-a093-2d08bb2ce591,1,1,0,2,100.0
ad3bb989-4687-50df-bb4d-e10147af6ece,1,1,0,2,100.0
d267fc8c-bbb6-5810-8e4b-b63db11108ed,1,1,0,2,100.0
ad2d95aa-1e9c-5ede-9414-dfe7f7dd0041,1,1,0,2,100.0
d092cd21-eff9-58a7-b6cd-015b3ea89e0b,0,2,0,2,0.0
b7dca4cc-68aa-51ed-a261-3cebe07bb4d6,0,2,0,2,0.0
a412a9af-3b1c-544e-988f-33ade97c9cd0,1,1,0,2,100.0
e7fcc85b-b88e-54db-bbb6-540ada186982,0,2,0,2,0.0
e82e2452-dc28-5799-be34-1b4fdd82f0a6,1,1,0,2,100.0
9a6ceb4f-1e0d-57e2-ac65-31566aee88a4,1,1,0,2,100.0
bafa1b28-e009-5bfa-ade9-cf3d34d08e2c,1,1,0,2,100.0
9a02b045-aff5-59aa-b718-46a35a7fbea1,1,1,0,2,100.0
ce7ed202-89e2-5421-835f-7e2e228a3afb,1,1,0,2,100.0
99aa55a2-31a2-5634-b61e-c857098e9818,1,1,0,2,100.0
99987e80-9d8d-5f65-ba04-e49a4e5a00e3,0,2,0,2,0.0
9984d0b5-10f0-5362-82c2-d35ddb232d42,1,1,0,2,100.0
bb3f8663-f48a-52ec-ab85-9fdabe7b0daf,1,1,0,2,100.0
997308e8-9c84-533d-81d1-72b9245380fc,1,1,0,2,100.0
e86198ce-1918-5895-95fc-5d5f25b0ecd3,1,1,0,2,100.0
ce661ca0-6e69-59eb-83a8-dcf01033bc6b,1,1,0,2,100.0
98f17a37-33bb-5c62-877b-15f6a8e4c8db,1,1,0,2,100.0
bbb80d20-fc93-5175-9bc9-139cee5f623f,1,1,0,2,100.0
e8e6a794-e87d-5549-9650-2b0d9554f5ba,1,1,0,2,100.0
98cba881-3e18-5474-9203-b01c2537b77b,1,1,0,2,100.0
98a909d2-fcc5-5052-bb65-576bca55e3d3,1,1,0,2,100.0
bbcef8b2-dce9-50ba-b156-6de55b98cc82,1,1,0,2,100.0
9887026b-b14a-550e-8be5-09138f917fad,1,1,0,2,100.0
e80c835a-e7ed-4239-951f-4db718d6e3dd,1,1,0,2,100.0
e7da3823-551d-4d9f-9d88-8a1d012043ed,0,1,1,2,0.0
98439611-3031-5e6a-9daa-a59dfaeaba23,1,1,0,2,100.0
cf1dbcc4-6617-551b-bd01-c95f6f17b86f,1,1,0,2,100.0
b97a9a06-34bb-5f11-9681-b067853dca8a,1,1,0,2,100.0
cf7cc911-a43e-5c83-97c9-577dce38ba43,1,1,0,2,100.0
9d276c2f-72a5-52ad-91fb-f880b23fad2b,1,1,0,2,100.0
9d1a0be7-6bdf-5967-af89-348fb9ba5781,1,1,0,2,100.0
ba0588ee-80df-5e42-a4dc-24fbb87d8520,1,1,0,2,100.0
ba7d6bc0-9375-5092-b8cb-74d7c98e8de6,1,1,0,2,100.0
cf43ea09-d30b-5770-a84f-628b0baad869,1,1,0,2,100.0
ba912fca-58eb-5166-8a91-7b6b05daa048,1,1,0,2,100.0
9c9ae95a-2afb-5eed-8b80-2755bab0ba43,1,1,0,2,100.0
9c88f24c-3496-5ab6-aec3-399809ef86ba,1,1,0,2,100.0
bacd08d9-e50c-43da-831c-b8955901c13d,1,1,0,2,100.0
9c7e2089-c6c4-5db0-ac55-1a8a3a74eb5b,1,1,0,2,100.0
e7b6d3a3-9e71-58a4-bf94-c6fcb0e03441,1,1,0,2,100.0
9c1fc5b9-f1a0-468d-850b-bcfec230a20a,1,1,0,2,100.0
e7c77612-7002-507d-9d95-79a385d45a2b,0,2,0,2,0.0
9c0aaed6-4f9a-535e-9135-44610d9737f6,1,1,0,2,100.0
9be7b21e-db81-5422-bbb4-de014637c411,1,1,0,2,100.0
9bdacf17-a2f1-4fbd-a4b9-3f74152a7c28,1,1,0,2,100.0
bad155f0-ca71-55a6-9e35-46965cf640db,1,1,0,2,100.0
ce1b3b95-7acd-5adb-a30c-bc0483369c7c,1,1,0,2,100.0
e9368d8d-3149-56be-b856-7db3b71cc3f7,1,1,0,2,100.0
a405fa9b-2f41-593b-9319-0ecb42cac3dc,0,2,0,2,0.0
bc2132c6-e79b-5cce-81de-5cd4937937b6,1,1,0,2,100.0
b338e93e-2ae9-51ff-826d-84e4a47ad7ba,1,1,0,2,100.0
96d98cfb-0dc2-58df-9f40-f3bb4df2fc7d,1,1,0,2,100.0
96badd2b-0af8-506b-b6c1-7d1361071d26,1,1,0,2,100.0
eab09c0a-6a8b-55d1-9e0d-69a9c3ece586,1,1,0,2,100.0
eab33cc0-f966-53ac-8d3e-794312cce1e2,1,1,0,2,100.0
bc4ff1ff-4cc7-532d-a75e-338ea3aeed9f,1,1,0,2,100.0
962102f8-6f90-5230-8c50-5befed243151,0,2,0,2,0.0
95fcc65d-9897-52fa-aa0b-0a0c681c72c3,0,2,0,2,0.0
9559e6aa-d1ae-5c7a-95eb-23b98ea0feb7,1,1,0,2,100.0
9551a810-b2d8-58ae-80cf-06d01171f16a,1,1,0,2,100.0
95468b4d-ed7e-5c03-8080-c020a5bc3ed5,1,1,0,2,100.0
953be290-bb07-5ebc-9653-b5a0b92cafd5,1,1,0,2,100.0
bc6a0120-2a1c-577b-8f90-2279df835b96,1,1,0,2,100.0
eade58a9-bccd-5660-bdba-4a9bb0132850,1,1,0,2,100.0
eb04346b-79ce-4c9e-bc77-554f574a6636,1,1,0,2,100.0
94edf3c0-bae9-5952-9005-69cc42ad879c,1,1,0,2,100.0
94cabf99-ee7c-56d3-820b-5df2cb65af11,1,1,0,2,100.0
9495c170-bfd1-5031-8ed6-21e9312abaf0,1,1,0,2,100.0
946edf11-ac09-5342-b4ab-0dbfbedeb64d,1,1,0,2,100.0
eaad70f2-f4e8-59a7-98a8-36908267caa8,1,1,0,2,100.0
96f3be7f-cdb8-5ab8-beff-f032c09cbd63,1,1,0,2,100.0
9837a137-f16f-411a-80f3-20cdf8c7ded6,1,1,0,2,100.0
ea939d69-876c-519b-8ba2-f540af687025,1,1,0,2,100.0
e941b3b7-59e3-52c8-ab83-58561e59654c,1,1,0,2,100.0
e949704c-3e7b-55d9-9dad-55018bc77c94,1,1,0,2,100.0
e94e7b31-7fc6-5179-8a99-de47c28e9c79,1,1,0,2,100.0
97e4b07d-1f3d-51ac-bd70-b2e98b05cf3b,1,1,0,2,100.0
ce172030-cd80-556e-a20d-0fd85f6bb944,0,2,0,2,0.0
97cdbcf1-ce01-526f-9097-c0a9ffbb93ad,1,1,0,2,100.0
9776e91c-7604-5dc4-86c4-e74dc30099d1,1,1,0,2,100.0
e9b0ad21-9637-509f-b114-c5a109d153b4,1,1,0,2,100.0
e9b42b68-7872-53d1-98d4-ba608b521378,1,1,0,2,100.0
e9c4f0af-1706-5f2f-803c-80f67ed32273,1,1,0,2,100.0
973e40bc-6c1f-5af7-ba71-028f32aed421,1,1,0,2,100.0
973bfaa5-1230-5ab5-9118-fd852fca1007,1,1,0,2,100.0
e9f923a2-e149-5b48-bbeb-a6ab11af9345,1,1,0,2,100.0
ea2d5c97-6935-537d-a023-75d81d2fff6b,1,1,0,2,100.0
9738bb81-8f9e-568e-8baa-e8d315c29395,1,1,0,2,100.0
972defdb-9c15-5908-a290-213087aa5ca4,1,1,0,2,100.0
97262458-3aad-5c26-9c1c-f5a006865e20,1,1,0,2,100.0
ea56eaec-ee98-5cd2-a5bc-627d9556a8fd,1,1,0,2,100.0
ea7a129f-07e3-50ac-aa2b-5c506d40bdfa,1,1,0,2,100.0
9dc6bfdb-3e11-49f7-8677-39642adfa13a,1,1,0,2,100.0
e7458284-9a08-56f2-b795-587615568c03,1,1,0,2,100.0
9dd7640b-3c10-553b-af29-b5c5649702a0,1,1,0,2,100.0
a2ff9266-5365-555b-9681-deedc0a15368,1,1,0,2,100.0
a2abb3e9-2a6f-587c-a6dc-444dd803890a,1,1,0,2,100.0
e2da1017-099c-5a97-b4cc-d19ef5513f42,1,1,0,2,100.0
b8a47623-3450-5c42-b2cc-4e7a457e6133,0,2,0,2,0.0
a27856a0-6275-5d31-88e1-30518adda9b8,1,1,0,2,100.0
a257bd6d-7c66-537f-a67f-73ef19342ec2,1,1,0,2,100.0
e337ce36-e0de-56c1-ae44-55f7e6b74314,1,1,0,2,100.0
d0433856-fa7d-5d16-801a-76dd262795d8,1,1,0,2,100.0
cfcdecb5-941d-55a1-a518-25373ebe0d7f,1,1,0,2,100.0
e33d6633-f2da-5d45-8066-621911b7244d,1,1,0,2,100.0
e3461b9f-c8ce-565f-91de-327cb375a92c,1,1,0,2,100.0
e34a3389-5976-593b-897a-59bccca7d83e,1,1,0,2,100.0
a1c994d5-3a20-5d37-9b90-5c367e48c351,1,1,0,2,100.0
a1a29e59-6e98-5911-a5c3-30aaa4ffbebc,1,1,0,2,100.0
a18e2920-e8e3-5d05-86f7-4cae30452143,1,1,0,2,100.0
e37b142d-8caf-5a43-9c83-9632b6cba6b8,1,1,0,2,100.0
a13a05b1-1db7-5ffb-ba25-1e77bbf89303,1,1,0,2,100.0
e38eb822-90f7-51b4-9f55-4c9417a28d12,1,1,0,2,100.0
a1268ac2-2e92-5352-a3ed-303fcffabd9f,0,2,0,2,0.0
c648a3d9-1d3e-5148-9b96-46642a1cecf4,1,1,0,2,100.0
d0605489-0ce4-5af8-a01f-887d81551413,1,1,0,2,100.0
e2595b49-1eb4-5de7-9277-9e8dc49d6d10,1,1,0,2,100.0
9ddb50b9-aad2-5db1-b6f4-cc766124f205,1,1,0,2,100.0
a3103949-147b-5134-bb29-914e4865ac2a,1,1,0,2,100.0
a3f25eb1-ed16-5d31-8a9a-61c949be63bf,1,1,0,2,100.0
a3e31a90-1ac9-5cde-88f2-99d97473789f,1,1,0,2,100.0
b7e7dea8-a395-5c81-a4d9-9aca1ce6c1d2,1,1,0,2,100.0
e16e6d03-8315-5589-9580-9e7d5a00231b,1,1,0,2,100.0
d08affeb-fc45-55d0-9b71-4f6606cf8191,1,1,0,2,100.0
a3c61a1f-a52b-5e15-80e9-9c13b725a058,1,1,0,2,100.0
a3aead3f-3d4a-5225-a436-2e01fa424e19,0,2,0,2,0.0
a396942a-04b5-5cfa-9121-7a082081b489,1,1,0,2,100.0
a395700a-96c9-5c1c-aaf8-4d9e00191c2e,1,1,0,2,100.0
e1957b9f-52d0-553d-98e2-de11bb8c4483,1,1,0,2,100.0
a36ee8f1-be4c-5ee4-9a7a-99776c19afcb,1,1,0,2,100.0
b80018fb-238c-5ad6-8545-9d328cb8dce4,1,1,0,2,100.0
e1e9e326-6612-5b2c-9892-76a57f7c0ddf,0,2,0,2,0.0
e21d5108-a50c-5a4f-ad2b-9fead0be1e6b,1,1,0,2,100.0
a343fe56-50dc-5036-a0da-21cf91cd9f54,1,1,0,2,100.0
d06b37a8-dadf-5ec5-9d03-f9e574cda388,1,1,0,2,100.0
d067eb72-8959-5a4b-934e-4a555bc15eec,1,1,0,2,100.0
a3187a45-b3e3-5897-a798-097496052deb,1,1,0,2,100.0
e2560454-a02d-5878-8c6a-b95505a45576,1,1,0,2,100.0
cf8065c7-25a5-5fd7-8c75-526eae2d2d81,1,1,0,2,100.0
e3acd1e6-9c7f-5558-93f5-5ceb8ad04983,1,1,0,2,100.0
e3bb01ab-3b6c-5bc2-8ec7-5021e20da92e,1,1,0,2,100.0
b8ba0599-0599-586d-88e0-0bcc03bb69c8,1,1,0,2,100.0
9f4110d9-90c2-5d64-bbb7-ad1ea7b44f8f,1,1,0,2,100.0
9f2e9290-1b2f-5462-a2f0-77566dd47aab,1,1,0,2,100.0
e475c5fc-a344-5a68-9fc5-45cf3b79a191,1,1,0,2,100.0
e50a9659-5aa3-5e69-bdb5-d2308094f750,1,1,0,2,100.0
9edd2c67-f3b0-54c5-b716-fab1ed3c9b22,1,1,0,2,100.0
9e9f843c-5f79-5773-b746-50f526f609da,1,1,0,2,100.0
e55b1295-fbe8-5ade-930a-d17ea19e772f,1,1,0,2,100.0
9e85f712-8245-5d6b-acf8-3c1ab7665ad3,0,2,0,2,0.0
9e7fb390-bf1a-550e-9d13-8762750a7a7a,1,1,0,2,100.0
9e60fa59-2a05-557c-af71-778e2f878e16,1,1,0,2,100.0
9e5ef9d1-6201-5bab-8ea0-a1e878667f59,1,1,0,2,100.0
b95a8a2c-85fd-54a3-b167-46a46ca7c97b,1,1,0,2,100.0
e56f8352-c2c6-57dc-adbc-a7b958292d8a,0,2,0,2,0.0
e5766dba-1563-5890-aa6b-69c3b2c3feb7,1,1,0,2,100.0
e5b9d99b-c64a-5077-b291-40babb4fa3c4,1,1,0,2,100.0
e6817a15-cc1c-5442-878d-181157e68169,1,1,0,2,100.0
9e13c0a5-8c14-5ca4-a0e9-2c3d80598d3e,1,1,0,2,100.0
e6e2e2b6-d053-5e77-a89c-2794be64d003,1,1,0,2,100.0
b960767a-0a23-5d35-959d-0e0cedc97412,1,1,0,2,100.0
9f46cc5c-49d4-5596-9ed1-8ac1dd79f92d,1,1,0,2,100.0
e435c824-8449-5d68-80d5-5281af4e08c0,1,1,0,2,100.0
e422bdca-b65e-592a-880f-b7bc03d28d5f,1,1,0,2,100.0
a03b8de1-8ef4-5af9-8345-c086578fab40,1,1,0,2,100.0
a0fc4cad-8894-5b9a-832c-94767fe1bcb7,1,1,0,2,100.0
e3be6aac-2412-5012-b5c3-1ccb6c83bd53,1,1,0,2,100.0
a0f03518-1d88-56ab-a808-24c3b6bf7661,1,1,0,2,100.0
e3c8f5fd-ffa5-566e-b2d1-851c7169a077,0,2,0,2,0.0
cf7f5b0d-db19-5c25-8975-ad85e9bb2b19,1,1,0,2,100.0
a05417e5-9288-5cb0-adbc-5fa3352be11b,1,1,0,2,100.0
e3e6f67c-f4bf-53a9-baa5-36d6fd526464,1,1,0,2,100.0
b8c50982-ac69-5808-9bd0-8ea41f06e91e,0,2,0,2,0.0
b8e70050-a8b5-5f5d-93a6-8b339b7dd339,1,1,0,2,100.0
b9170886-73af-54b2-93cb-bef08008e86c,0,2,0,2,0.0
b9088a8a-24f0-58cc-bc28-28d6eded5ab7,1,1,0,2,100.0
e3efdc30-2c8f-596a-95b5-08d68605b283,1,1,0,2,100.0
a033ea65-9a08-40b4-8c63-95bc6d64d536,0,1,1,2,0.0
e416ebad-7445-5372-8f09-653546822dc5,0,2,0,2,0.0
9fb392b8-a03e-56ec-9dba-dbe83c20f4c3,1,1,0,2,100.0
9fad71f0-9d33-5f6a-abf1-1d14a9849b1d,1,1,0,2,100.0
9f633855-337f-5cb5-afd9-86e8f85e89c3,1,1,0,2,100.0
9f5e1a5d-1a5a-54fa-b4ae-6f10065b1922,1,1,0,2,100.0
bc319b9b-0947-57bd-974b-63dd263747a5,1,1,0,2,100.0
00073307-ae96-5089-a117-4783afb42f8e,0,2,0,2,0.0
7638755e-d1bb-5d25-8b28-30943bd1b773,1,1,0,2,100.0
5d62e81e-94d9-5f84-8c06-415a742b9970,1,1,0,2,100.0
3e9c8356-d26b-504e-b7dc-4accdeca3a55,1,1,0,2,100.0
3e90c890-8952-5ac2-b0a5-af6759620761,1,1,0,2,100.0
3e8ad128-79fc-586b-822e-950d17ef109d,1,1,0,2,100.0
3e6e6acb-2171-5f91-9ce4-0521570f59dd,1,1,0,2,100.0
3e581705-685e-5129-91c6-b0db44af7418,1,1,0,2,100.0
3df2e9c2-b087-5a3c-b22e-381d1c6b2230,1,1,0,2,100.0
3d9efe2f-810a-544f-8665-3d742b069f11,1,1,0,2,100.0
3d702d98-e8b0-5790-98ea-498c26901d35,1,1,0,2,100.0
3d4db696-b704-4f3c-8823-8913b069fe5d,0,2,0,2,0.0
3d4ab197-bb90-564b-be2f-5eb182ede923,1,1,0,2,100.0
3d3f4439-9d6f-443a-b9b6-085220bf2c60,0,1,1,2,0.0
3d27e34a-0236-5bf2-acfa-52828b1713ca,1,1,0,2,100.0
3d26e785-bbd5-51f0-9857-a148679e0cb4,1,1,0,2,100.0
3d0e78ec-d580-49a0-ae97-2e11992c411a,1,1,0,2,100.0
3ce9dbba-502d-541c-b563-3dc79b1fb949,1,1,0,2,100.0
3cbb0031-117a-57c1-b9d7-3b2920f4eb7d,1,1,0,2,100.0
3c86d715-ff11-57b7-a3f1-0a7437f012aa,1,1,0,2,100.0
3b8befcf-8321-5d36-862a-4ee95a8869f0,1,1,0,2,100.0
3abf299f-90b5-566a-90a6-d8cd4527dbb6,1,1,0,2,100.0
3a9fb34e-cfc7-51fb-81b5-ae23bbbeb0a1,1,1,0,2,100.0
3a84881b-2f7e-56bf-9f5f-3c2d9b596ac0,1,1,0,2,100.0
3a4c593e-a5e9-56fc-b156-f730867f6ad9,1,1,0,2,100.0
3a2bae60-84c1-527a-80cf-4fdbb921a704,1,1,0,2,100.0
3a0bb87f-b88f-5ee7-bd27-8db02cb55de2,1,1,0,2,100.0
39ee8526-8815-5eb0-b6b2-e1782e7e3d32,1,1,0,2,100.0
39cf505f-5096-515f-b960-1fa352549441,1,1,0,2,100.0
39b6bf20-d2fe-5e10-a746-715da7835bca,1,1,0,2,100.0
399a5f19-bc6e-55c7-8ce7-3951ca0232b0,1,1,0,2,100.0
397f3589-4f90-516b-bc92-376eea940be4,1,1,0,2,100.0
3eaa51fa-44f6-51ab-af64-cbced58f9437,1,1,0,2,100.0
3eab416a-d56c-50b2-9b80-4d581c31b47b,0,2,0,2,0.0
3f0ff286-de95-515f-bb3b-b19358bcbf62,1,1,0,2,100.0
428f5faf-7afc-5b90-aec0-e900acbd55b7,1,1,0,2,100.0
46393e87-ffaf-59c3-9e84-fccc1048ad86,1,1,0,2,100.0
45b40157-a9cc-54c8-8a67-722fb16d937f,1,1,0,2,100.0
45878c1f-7533-52bd-a456-d1480ca7d8ff,0,2,0,2,0.0
450d03ab-e0d1-5817-bfaa-ea2c77c63e43,0,2,0,2,0.0
4509142e-93cf-532f-b33f-5f0ad4aae123,1,1,0,2,100.0
44b2a3e2-13ea-5340-98f2-7a2ee74fb979,1,1,0,2,100.0
44a00e7c-54c8-573b-b1b8-7907fc4c783e,1,1,0,2,100.0
4497f364-9833-5bdf-89e4-bd8503bc5311,1,1,0,2,100.0
447aff0d-c0f3-5005-8eb6-4cdab726d306,1,1,0,2,100.0
443e9e83-0c42-50e6-b3a6-06fc264d6144,1,1,0,2,100.0
43f23924-4955-5775-b9f5-da1ced710670,1,1,0,2,100.0
43688a30-ed94-54d6-be0a-ba60c0e0e7cf,1,1,0,2,100.0
432dddbc-2b49-5e32-b136-5ae27e3702ae,1,1,0,2,100.0
41e67671-a587-40f8-88c0-6e61a702f447,1,1,0,2,100.0
3f273483-518e-5cc9-8a5a-578ed40935f0,1,1,0,2,100.0
41ae7ef8-cc64-5b7a-b9f8-dfeda147dbc9,1,1,0,2,100.0
41a9f892-f9b5-5984-a679-04829310a975,1,1,0,2,100.0
411dfd34-35cb-5ff5-af60-fe8c57350a2b,1,1,0,2,100.0
4103d669-89b9-5d0f-927f-d8ec8f4b52a8,1,1,0,2,100.0
40c1bacc-e1d7-5b7f-ae4d-c8956d3049b5,1,1,0,2,100.0
40bdd223-33b8-50b3-a7fc-b2020604cb2a,1,1,0,2,100.0
404110e6-1707-5a13-8177-86710fdb4943,1,1,0,2,100.0
401604e2-6a1c-562a-9a4f-6964cbd23a3d,1,1,0,2,100.0
3fee99f7-a38f-5383-b600-2dd67f68ccf7,1,1,0,2,100.0
3fe8719c-96f4-5cd3-9f01-916fb0c9cac4,1,1,0,2,100.0
3fa7deea-0652-5311-8bdb-022195adac7d,1,1,0,2,100.0
3f8a9925-2f7a-5777-9f33-9f8b28c2645c,1,1,0,2,100.0
3f325229-76f9-5a1d-9a45-b265ba6effcb,1,1,0,2,100.0
394f0842-e83d-4d65-a807-f62fc6dc202a,1,1,0,2,100.0
394dcba2-ca75-552d-b99a-e676fe5b9def,1,1,0,2,100.0
38fa1b63-f0a5-57f8-afdf-f76f4a66df74,1,1,0,2,100.0
2fc01ad0-6e50-5e1f-8978-2d0c98913d1f,1,1,0,2,100.0
31fe10a3-e0ff-51b9-8985-6ba072c14231,1,1,0,2,100.0
31651b33-f896-59a5-8819-e869422bc7ef,1,1,0,2,100.0
313826a0-3f07-5a81-85cd-7872da6a086a,1,1,0,2,100.0
3115028d-ca57-5cb2-9f58-f7bb2db25e4a,1,1,0,2,100.0
30be6c95-ed21-5533-bb1e-89509b3e253a,0,2,0,2,0.0
30b86123-1dc3-51af-aafe-0c1b9675f446,1,1,0,2,100.0
30b3aae4-3ee4-5363-85f1-6f6818e46210,1,1,0,2,100.0
3076f3c9-6a40-50a7-bb09-0c0d590eaa13,0,2,0,2,0.0
30694a29-b408-5fd8-8303-50e2b9bd6396,0,2,0,2,0.0
3065ee3a-623f-55e3-bcdc-56aac3cfc87c,1,1,0,2,100.0
302bbf79-2951-4230-830d-0662f4126753,0,2,0,2,0.0
2fec1964-61fa-5da0-a0ca-5c453332d68a,1,1,0,2,100.0
2fc90172-8b19-5217-b0c7-5245dae90d9e,0,2,0,2,0.0
2ecdccd1-f485-5ad1-8094-313a087baf6b,1,1,0,2,100.0
32375918-652d-56b3-bb7a-7f012336084d,1,1,0,2,100.0
2eb59f1b-516b-51d7-ae1b-3e39cf1f7d14,1,1,0,2,100.0
2e891f28-79ad-5c4f-9529-3661ae2f2d80,1,1,0,2,100.0
2e2f5fc9-59a6-5d99-ad0c-048613cbe49b,1,1,0,2,100.0
2e1deae7-588c-590a-bdde-9fea8d0a4994,1,1,0,2,100.0
2e166668-f512-5a1a-9b77-c17375f8b89b,1,1,0,2,100.0
2df10106-c36e-5e7f-a43c-c88e115af3a0,1,1,0,2,100.0
2dbb5b94-634a-5d7b-9b4e-0afab0b83926,1,1,0,2,100.0
2d84e933-c864-4520-a113-7107cc374ec4,1,1,0,2,100.0
2d6ae0e2-b223-57b9-a404-10a826ca14f2,1,1,0,2,100.0
2d67718c-a5fc-5896-82a5-e438c7a2802b,1,1,0,2,100.0
2d609a74-1c20-5f40-bdd7-574ab5c4e7f4,1,1,0,2,100.0
2d1db440-3394-56e1-b0d5-5da610d42af7,1,1,0,2,100.0
2d14da63-31be-5205-afc9-78c4b4482f55,1,1,0,2,100.0
3200fda9-d6c3-41b1-8809-cda590a6c2a6,1,1,0,2,100.0
3283d709-9811-51fe-940d-f2d12b7e966e,1,1,0,2,100.0
38f9631e-1cf4-5c9d-b29b-190626da06c0,1,1,0,2,100.0
36614f1b-881e-5813-bb63-6ea1dc77c74c,1,1,0,2,100.0
38d5aff0-83e6-539a-a79a-7a89d6268bee,0,2,0,2,0.0
3894ab1d-49b6-560c-bb5d-b61b48cd9b75,1,1,0,2,100.0
38889196-1b56-536c-8d83-a826fa33f307,1,1,0,2,100.0
387c4692-d4b0-55d0-933e-dcf8bdba4258,1,1,0,2,100.0
37ebd42f-d88c-51b8-8bbf-ca0356195e5d,1,1,0,2,100.0
37bb0711-fb26-5b60-bde7-9ecf3c6f5403,0,2,0,2,0.0
37b30048-d369-5a02-ab2d-9b6dfe750fed,1,1,0,2,100.0
37a8043e-a064-51ab-a3a8-4765b2de189e,1,1,0,2,100.0
379625f8-90fc-5b03-a955-54cf47968c1f,1,1,0,2,100.0
3745e21d-7160-533c-acb0-358f80e789a8,1,1,0,2,100.0
371ed56f-34bf-5a1e-8a0d-542e1205569a,1,1,0,2,100.0
36e71689-1df7-5833-87db-ffddec8b6803,1,1,0,2,100.0
3687f63f-7add-5d64-b9c4-aea9aa57bf1b,1,1,0,2,100.0
3653d3aa-474e-59a5-ac34-28a7df269a01,1,1,0,2,100.0
328b95b2-0fc1-5203-ad59-531c76f46cd1,1,1,0,2,100.0
362d9bbc-8fe7-59f9-a73f-091eb4cd0d00,1,1,0,2,100.0
35d56ae9-5dce-56f4-9c93-e208aaa7b202,1,1,0,2,100.0
355933d3-bfdd-5a27-8588-8f9a4f0bdbcb,1,1,0,2,100.0
35080700-4713-50b4-91f4-10a58811ad50,1,1,0,2,100.0
348d128c-51b8-5605-b13c-ce3cdccc76a9,1,1,0,2,100.0
345bc7a5-c286-59be-b3bc-a7456d0a02f2,0,2,0,2,0.0
3453d16a-5949-529e-bf98-81b89c8852e3,1,1,0,2,100.0
3449188b-e012-5ec2-b681-f69b487d7fa0,1,1,0,2,100.0
3436eb02-40f7-57ff-a94d-d7acf98a455a,1,1,0,2,100.0
340eec10-1b84-5ac2-85f9-2c45b51e8e68,1,1,0,2,100.0
33acecb4-3b56-502e-b35a-94b9e41fe1f9,1,1,0,2,100.0
330773a6-f22a-5c7a-a3e4-7809fe8539b9,1,1,0,2,100.0
32e892ad-438b-5601-8fe9-42b22a307eb6,1,1,0,2,100.0
46540973-e533-58cd-8b14-1ba369965b7f,1,1,0,2,100.0
46551327-1976-5990-b335-51a8de3af65b,1,1,0,2,100.0
46839bb1-be2c-56ee-9759-7afdd03f3e10,1,1,0,2,100.0
54e0a47a-c0da-5b7f-a9ae-d26a04e7bf7e,0,2,0,2,0.0
5690c70d-ba88-5f50-af40-c9e8caf3ceba,1,1,0,2,100.0
567811a1-8c40-5512-9a02-1cc100b5a1b7,1,1,0,2,100.0
566d5e03-49ee-53b1-adb2-2cbbeac78024,1,1,0,2,100.0
566ce820-a0d5-5ca5-8ad1-15ba53126e95,1,1,0,2,100.0
564ae524-4352-5caa-a30b-989ebef7565e,0,2,0,2,0.0
55e5b7cc-3375-5da2-9782-e0875f140ee8,1,1,0,2,100.0
55ba8b78-5dde-56a3-9257-4045ed121990,1,1,0,2,100.0
55a3acd4-a6b2-5dca-a000-e441519ad84b,1,1,0,2,100.0
559a4211-d8bb-5187-9734-fcf6f58cb5e4,1,1,0,2,100.0
556da393-835a-5fc9-a812-85040bda0fc9,1,1,0,2,100.0
554ed1ee-f51c-5f9d-a28e-b24b49d59c85,1,1,0,2,100.0
553e5c60-f2f6-5897-8125-071cb10916ba,1,1,0,2,100.0
55316c0f-0825-5658-a11a-7245777ded00,1,1,0,2,100.0
54744c7e-ea2a-5376-876a-439d24775153,1,1,0,2,100.0
56d83147-8306-50be-b48c-cdb925d1d50e,1,1,0,2,100.0
5470dfdf-4a99-5eb3-92e9-e82e2888565a,1,1,0,2,100.0
5432b590-b88c-5ad8-9659-0635a2f6de6c,1,1,0,2,100.0
53f96a1c-d5d2-5d1d-b72f-406e78d9a10d,0,2,0,2,0.0
53f43f18-246a-5597-a935-00c6cb093db0,1,1,0,2,100.0
53e9b714-c5ce-58c6-8ed5-989eee8a9d3a,1,1,0,2,100.0
5379e914-8365-5506-b0f4-ee2183ca3ac4,0,2,0,2,0.0
53623220-292c-5995-9237-10cb1a5879b4,1,1,0,2,100.0
53535822-aa45-5979-92b9-ced7f585016d,1,1,0,2,100.0
53404e74-45b4-5470-b6fa-b0117b41c00c,1,1,0,2,100.0
5311dbed-fc83-5359-8ec9-f2752df1e901,1,1,0,2,100.0
52f66dec-ca44-5298-a30d-30beb3577f75,1,1,0,2,100.0
52ea05f5-f219-54e6-8e3c-9a23a093ac6e,1,1,0,2,100.0
52e2f1ed-0371-5d1b-afca-275a4ce22dcf,1,1,0,2,100.0
56d67f69-029d-4e93-b18d-35a797ce00ab,0,2,0,2,0.0
56e8bca9-38ed-5bb9-bd0f-b37224665997,1,1,0,2,100.0
528ebc7c-0f0c-5d4a-bab7-d0dec5b0b38e,1,1,0,2,100.0
59a0a460-92b2-5fce-aadd-c04047c371be,0,2,0,2,0.0
5c81747c-6fa9-5fd4-bd45-a05b9aa0274b,1,1,0,2,100.0
5c4ed5e7-a151-5861-a0d8-1e7aa690f61a,1,1,0,2,100.0
5c34313e-b9d0-552b-a784-43bd6f8bb31b,1,1,0,2,100.0
5bd45bc7-907a-5355-9b8b-eae9a964d7e3,1,1,0,2,100.0
5bbae6bc-04ad-5eb2-b00d-9c02ac40d356,1,1,0,2,100.0
5bb4563a-92f0-57ef-9dee-9f084fe6ba76,1,1,0,2,100.0
5b7fe154-4e9b-5536-98a4-a6439561efac,1,1,0,2,100.0
5b69ba6b-94ff-56cd-bf4d-2dae80caf2d2,1,1,0,2,100.0
5b28f345-45fa-59ff-8ab4-cf3faab445df,1,1,0,2,100.0
5b08a91a-86f9-5d20-962f-11cb212c506e,1,1,0,2,100.0
5a6cee90-3293-5913-87ac-fe61a7877c9b,1,1,0,2,100.0
5a60382d-a7f8-5372-89f8-7e58d2a8808e,1,1,0,2,100.0
5a5fbc4a-f4ec-5b93-972b-a65395165fd4,1,1,0,2,100.0
5945cbf4-eff0-521b-ae36-28a7afd730cf,1,1,0,2,100.0
57295b73-46bc-54a0-8a6d-38d64c980acb,0,2,0,2,0.0
5931fa07-f3d4-58b9-acd0-caa92f826160,1,1,0,2,100.0
58fa55e4-bee0-5500-ba9d-11a2145aad09,1,1,0,2,100.0
58ef51ca-f64c-539f-910b-c4348f9dfaa6,1,1,0,2,100.0
58ed5f18-6016-5075-9a74-074ed290a344,1,1,0,2,100.0
58dd76fd-2f2c-5d30-972a-2fdae84bfe3a,1,1,0,2,100.0
58b330fb-71e9-5c1a-9b02-cbff56ecc12a,1,1,0,2,100.0
5883ef35-41d0-5863-ab9a-c0f664ca91c1,1,1,0,2,100.0
58311c8d-46fb-550c-8c56-62535d3a0cc0,1,1,0,2,100.0
58254b76-0cb2-5c13-a96c-8e7134182845,1,1,0,2,100.0
57c7222e-ec94-5b98-ac2a-2ba727da6dae,1,1,0,2,100.0
57b7d13a-6025-5e9b-bf2d-73c6d0cec15b,0,2,0,2,0.0
57ab1f56-8224-59cd-8b21-e0070efdbb35,1,1,0,2,100.0
578d7caa-a8db-5afb-a29f-a5b6ed79b657,1,1,0,2,100.0
52a4fd31-7621-58d8-a690-b81867bad2b7,1,1,0,2,100.0
524f4eba-8a88-517f-a598-dfd1f6f10230,1,1,0,2,100.0
4772b4af-255d-5c42-a444-db2895a9e8a6,0,2,0,2,0.0
4a89689f-a575-5c43-b360-5785fe2c55df,1,1,0,2,100.0
4d2b2392-9a1c-5dcf-a4e1-f8f7abc9b08c,1,1,0,2,100.0
4cef6aac-a84a-5658-8f03-25833793605e,1,1,0,2,100.0
4c95b00f-7229-5d80-9fe2-67bd1485d879,1,1,0,2,100.0
4c5ded1f-914d-5794-8474-51394aa52802,1,1,0,2,100.0
4c58e78b-438a-5e55-a73d-c2061804d45a,1,1,0,2,100.0
4c553a5f-c44e-5e7b-ae70-04a6baedc61b,0,2,0,2,0.0
4c0b6b1c-ccb7-549b-afd2-c89fb3e3f905,1,1,0,2,100.0
4be65c18-fc6f-51a0-90c4-44525465935e,1,1,0,2,100.0
4bda0853-494d-53e4-8680-3c2f6cbf11c8,0,2,0,2,0.0
4b5b65b6-e0ad-55ab-bb90-c8e74c6573a5,1,1,0,2,100.0
4b3b03f0-7915-5256-a26a-06a9785b0283,1,1,0,2,100.0
4ae449e3-5d90-51a3-8dd4-e8866be4fa30,1,1,0,2,100.0
4aa5e12b-2b38-5d2b-ab76-465cee0a02ba,1,1,0,2,100.0
4a589376-1637-5133-a57e-99620529f46c,1,1,0,2,100.0
4dcb01dc-04c4-5248-97e1-9983e9ef891c,0,2,0,2,0.0
4a3da8b6-09c3-55aa-afba-424f6504da85,1,1,0,2,100.0
4a07b9d9-64d0-5f92-809a-066cee23ec00,1,1,0,2,100.0
49d69b71-00bf-5f10-8062-6dd01102fd8a,1,1,0,2,100.0
49ba217f-332f-44eb-94dd-33f8eff1dbf0,1,1,0,2,100.0
49989e1a-9ae0-4311-b46b-b060d62f0bc0,1,1,0,2,100.0
49119cfc-a1a1-5f4c-b075-0632a06c8bdb,1,1,0,2,100.0
48b32e42-66fd-5525-bcfc-bf77b7bbdc82,1,1,0,2,100.0
4895d0ad-781d-5cda-97b9-d0c41277c026,1,1,0,2,100.0
488bd560-341b-53b4-9af1-38d0baff30e4,1,1,0,2,100.0
48757c09-d6ff-4f5b-aa58-583f9afa8036,0,2,0,2,0.0
48260594-5025-5b4c-8fdb-b1f26075c383,1,1,0,2,100.0
47cf76e6-16f8-5353-9a8a-cd403adc6cfd,1,1,0,2,100.0
477ba74e-6317-5308-8243-003f98ac6a13,1,1,0,2,100.0
4d734348-cddd-5c01-834e-ea58cd1a533b,1,1,0,2,100.0
4dd55812-9c8c-58f4-85a3-eb0b66daafaa,1,1,0,2,100.0
52378bf8-a93d-5d70-9c61-e53ca6445b29,1,1,0,2,100.0
506e64b4-3f51-5907-abd4-f47ee1541218,1,1,0,2,100.0
520fbe06-8ed6-4043-8020-141d01004959,1,1,0,2,100.0
51f398b1-e5c3-5680-88e8-78e8bcbc47ae,1,1,0,2,100.0
5181b357-fa57-5916-b59c-ccb002d4fd67,1,1,0,2,100.0
514d4068-eb60-560a-89cf-9f42e9481f96,1,1,0,2,100.0
514c84b3-c237-56c4-9a17-e3b815a30a65,1,1,0,2,100.0
5141aefe-566a-5cc4-bc7d-b70d884b522a,1,1,0,2,100.0
50ec65b4-7240-59ba-9a3a-cc17fb4cfb2c,1,1,0,2,100.0
50eb5cfe-03be-5952-bfbb-a8ec490668ae,1,1,0,2,100.0
50ce2115-5aaf-5d18-8811-5e0a17713918,1,1,0,2,100.0
509424e4-1b8a-5163-a94c-6487f9ed7569,0,2,0,2,0.0
508e3294-fc24-55e2-87a4-d35ad95bb885,1,1,0,2,100.0
50841d5f-ff15-5523-9247-13bb860ad7c9,1,1,0,2,100.0
506f45e8-299f-5003-8851-f37fc223b3cc,1,1,0,2,100.0
506cf4d3-dc55-597e-812d-ab86674d0edf,1,1,0,2,100.0
4ded2ed1-a31d-5b0c-b1c2-aaba48565570,1,1,0,2,100.0
50679747-be7a-506f-935d-a454488ddf7e,1,1,0,2,100.0
50595546-78b4-500f-a797-ed8283d1b05b,1,1,0,2,100.0
50370fb3-a7b0-5448-b25a-b9216a20a8ef,1,1,0,2,100.0
4ffdbb04-ec37-5de0-aa3c-2c688def7ea1,1,1,0,2,100.0
4ff41016-d7a6-5da0-82e0-9d4e944e0b61,1,1,0,2,100.0
4fd373d9-bdac-5363-90c7-ea0bf9185b52,1,1,0,2,100.0
4ec785cd-e90d-5c3e-9031-51489fa6dcf1,1,1,0,2,100.0
4ea8e74f-021a-5f99-83d7-6f457b8b40b2,1,1,0,2,100.0
4e921ba7-1ca6-5964-9dc0-dc0d9c64bab6,1,1,0,2,100.0
4e84da84-396b-594b-a731-be8d2b1abec5,1,1,0,2,100.0
4e812657-bf33-5a7a-a54c-628101d35f16,1,1,0,2,100.0
4e752f2d-a6e3-5808-9527-ce19afe93177,1,1,0,2,100.0
4e272c3a-1415-5817-9910-e585602738dd,1,1,0,2,100.0
2cf721e8-629c-5703-99de-19b30b234832,1,1,0,2,100.0
2cce44cb-c974-4ccc-86dd-cd76716318c9,1,1,0,2,100.0
2c9feb9e-e384-5f62-9075-091413a2b535,1,1,0,2,100.0
10494209-a550-5037-8eab-a6b4d7c06299,1,1,0,2,100.0
11c9848d-0aed-5373-b816-51c1a4aee9df,0,2,0,2,0.0
11a53c3b-2d0c-5259-9778-0c0934fb2d2d,1,1,0,2,100.0
119420d2-6777-5be9-a4be-bf57b4249afc,1,1,0,2,100.0
1193d9a3-cca6-5182-8bb3-a2d895563174,0,2,0,2,0.0
11777b44-a39b-4c58-b883-dcc679c6a520,0,2,0,2,0.0
116ad333-136f-5d5c-80e5-41655a8d5536,1,1,0,2,100.0
1168825b-ddf4-5ec4-8b89-322372ce1341,1,1,0,2,100.0
11539f47-fa9f-5a96-8ec1-fa16161f1d63,1,1,0,2,100.0
114ff7ed-e60f-5e5e-9729-f7d72f78985e,1,1,0,2,100.0
114e0c9e-ef04-52b6-a338-be592dc7bb97,1,1,0,2,100.0
113c158a-fdb4-540d-a94d-4544d1a6f5e7,1,1,0,2,100.0
1126cf17-5324-5e53-9de9-7b6fbbae9b74,1,1,0,2,100.0
10f4d1d7-7035-500e-baae-e070e519fc76,0,2,0,2,0.0
10386e19-e6bc-50aa-bf7a-5332f3251fcb,1,1,0,2,100.0
11ff7d38-053c-5ae4-aea3-66b10b79cd78,1,1,0,2,100.0
0fc9d75d-277f-5c22-9066-0ecb554d508e,1,1,0,2,100.0
0fb122ac-3f25-50f0-8d68-7f247ce49cfc,1,1,0,2,100.0
0f754f8f-9b67-57c6-bb8a-ba9d4c29391c,1,1,0,2,100.0
0f2d718f-23be-59cc-8c1f-e5b2fecde520,1,1,0,2,100.0
0e5d37a4-f2f6-521d-b252-77bcd6dbb774,1,1,0,2,100.0
0e46d6cc-b296-518d-a545-c5ba9ce7e022,1,1,0,2,100.0
0df4dd7f-b226-5b6d-b9fb-15f770f0797c,1,1,0,2,100.0
0de63705-8747-52ca-87ed-89a87c0cd92e,1,1,0,2,100.0
0d784c57-cd64-53b7-9c40-162f0de63dd3,1,1,0,2,100.0
0d5204a2-5f3e-5a16-9c05-b312bb8a9ea5,1,1,0,2,100.0
0d360476-0595-5152-8295-50c857860072,1,1,0,2,100.0
0d28cbce-0802-5edf-b87c-09f43357544d,1,1,0,2,100.0
0ce98fe5-0e98-5d9d-8be4-8b379d9312c1,1,1,0,2,100.0
11fd2567-9cd4-536b-8b94-92bc50114caf,1,1,0,2,100.0
1200ca9c-3b27-517d-b6b0-6056862cbaf2,1,1,0,2,100.0
0c1c635a-ad29-5319-8c40-469a3dad4f24,1,1,0,2,100.0
1496f74d-bae3-53ea-9b37-0d7015c75625,1,1,0,2,100.0
16bd7b47-51ba-5dd4-bc9e-d7ea6c8fdde5,1,1,0,2,100.0
16bc713e-71a1-4861-b2ca-944f1873a52c,1,1,0,2,100.0
165ba80c-1745-5872-bf94-37080c74105e,1,1,0,2,100.0
16470d85-f471-562c-a25f-4bd86fa4ac4a,1,1,0,2,100.0
163469be-f077-542a-8216-8a52bde030b9,1,1,0,2,100.0
161664f1-735e-5d34-9017-d0d2f5900c59,0,2,0,2,0.0
16094f15-0713-5e6d-a4d6-de1f2f68cda2,1,1,0,2,100.0
15efda84-5541-4a35-bb03-b68e0ca78dea,0,1,1,2,0.0
15d50f7b-6e98-5e20-ae60-2cfc80d9dac1,1,1,0,2,100.0
15c6682b-daa7-5c85-beee-31b1ee9c9e72,0,2,0,2,0.0
158f4530-b80e-5a1b-a085-697811915683,1,1,0,2,100.0
155bc949-1b8f-51a3-af40-1e88f8dc90cf,1,1,0,2,100.0
15289c83-9cdf-5de3-8cad-9da3cdc202a5,1,1,0,2,100.0
148b3e93-4472-5e87-917c-4ad909cb9a00,1,1,0,2,100.0
1219b9dc-a16c-4fc1-8b38-7a3bcab8f7ac,1,1,0,2,100.0
14393346-781a-53c7-b9e2-a5333868c181,1,1,0,2,100.0
13df9cb4-10ce-528a-9cb3-da5c63f352d3,1,1,0,2,100.0
13b28cbf-2237-55da-a8ae-e9cfb1947a0d,1,1,0,2,100.0
1379d216-cb93-5bda-98ab-fb5684412ec7,1,1,0,2,100.0
1343b256-77a6-5681-b878-59d2bd65befb,1,1,0,2,100.0
132c744a-d87b-5ed6-aff2-d9b8c718a4ea,1,1,0,2,100.0
12ed8b6a-7f2f-5b20-a046-39cca2067afa,1,1,0,2,100.0
12dc14de-274b-504a-b448-7be07581002c,1,1,0,2,100.0
1273aa02-f177-50a2-873a-21df8b51cddb,1,1,0,2,100.0
126ea6ed-dabb-5f3a-8d8c-2032dd875b02,1,1,0,2,100.0
1243a258-f5fd-56d0-b25d-1531a5cc04eb,1,1,0,2,100.0
121e8ab6-d3c7-5d38-bf4d-6778c25d5c18,1,1,0,2,100.0
121d8f91-d0d2-5bb9-9748-2996d144de68,0,2,0,2,0.0
0c460888-c74e-5688-8f00-8ab897d13368,1,1,0,2,100.0
0c1bc920-b341-5136-9e99-fa8c913f64c3,1,1,0,2,100.0
17166a68-2f94-509e-9576-52b75f7f2c52,1,1,0,2,100.0
02e38112-f7a0-5e6b-94fd-867ade319407,1,1,0,2,100.0
04eeb9ad-595f-5c75-8253-e2964f1ca171,1,1,0,2,100.0
045218ae-79f8-5668-88f0-5b4f811e2812,1,1,0,2,100.0
03e71fc3-b4b9-5f7b-8064-ae7930def700,1,1,0,2,100.0
03e4d8a4-e778-5a02-92aa-2d0e718b8a7f,1,1,0,2,100.0
03dbd728-ad16-5bd8-9adc-68b8de8343c6,1,1,0,2,100.0
03bd9be3-7963-55ab-b079-7476c577b6d6,1,1,0,2,100.0
03ba792b-ee65-5fee-aa12-bcba0e995ef9,1,1,0,2,100.0
038f22ab-a137-5c46-bfd0-ff936d64ce30,0,2,0,2,0.0
0357a39e-7432-5681-9010-895893d53d80,1,1,0,2,100.0
034fe2c3-886b-547b-8c7d-428f6789a13b,1,1,0,2,100.0
0335024b-aecd-59c2-81f2-c386705e90d7,1,1,0,2,100.0
032aafb6-f965-5d4e-a50b-c32bc2fc3529,1,1,0,2,100.0
031979d8-da67-5cdd-b351-2aad3020d742,1,1,0,2,100.0
02db7ad0-e9ca-42ba-98bc-30ede4498c4c,0,2,0,2,0.0
050ef36a-198e-59db-8c6d-9fca40bf3a7e,1,1,0,2,100.0
02b6599c-02fc-5cf0-a3f1-5f4b268e96aa,1,1,0,2,100.0
01dc9a8c-98b3-4b5e-bc94-4e4b3c3877c6,1,1,0,2,100.0
01cbe9ef-aeea-5d96-aa06-77ed7673c2d2,1,1,0,2,100.0
019fa7e6-de0a-5bad-a109-0a04567858d4,1,1,0,2,100.0
01966594-3bd7-5589-b2be-a0ba58c911b9,1,1,0,2,100.0
015533e6-1761-50d6-93ad-beb388a0f2fe,1,1,0,2,100.0
013d5aa6-2862-5690-99e9-eb5f20130e75,1,1,0,2,100.0
0102e0b6-81b6-56f9-ae22-bf7e99333e4f,1,1,0,2,100.0
00f1527d-b611-5799-9cc7-1f15f294d18c,1,1,0,2,100.0
00bc48d3-197c-5cc3-b4f6-f25f3135eaff,1,1,0,2,100.0
00b2d90d-68ed-57aa-a2f6-9c3075143b30,1,1,0,2,100.0
00760ee1-d400-5f81-a1a8-04cfd7e11006,1,1,0,2,100.0
004b9724-abca-5481-b6e9-6148a7ca00a5,1,1,0,2,100.0
050ad045-93ea-558b-8db4-2ab1877f5fa8,1,1,0,2,100.0
056d18fa-a521-5f7e-998a-9ed08faf9795,1,1,0,2,100.0
0c0c3f32-07eb-55bc-8579-0d94491d4aff,1,1,0,2,100.0
099df441-44c7-5055-90a1-acbe3e6e4808,1,1,0,2,100.0
0ba51827-8aab-4994-8bd4-b7967ba088e2,1,1,0,2,100.0
0b896507-26b0-513d-bee9-b6e70aad9e07,1,1,0,2,100.0
0b185afc-8679-4086-a243-b6c72e1454f2,1,1,0,2,100.0
0b11c6cf-30ef-58ef-bbd8-e0579b54bc81,1,1,0,2,100.0
0ad08bc1-6cd4-5e97-82a9-737bd50c30cf,0,2,0,2,0.0
0ac3e962-cc59-55d4-b77d-fe1ea909a4f0,1,1,0,2,100.0
0aa8f3ab-f16d-5da3-8dea-a8e0e70b5054,1,1,0,2,100.0
0a9e00d1-6203-5543-bd74-250c8a80fd94,1,1,0,2,100.0
0a45dd4e-74f4-59c8-8993-001676119061,1,1,0,2,100.0
0a2104e0-fd1b-5651-822b-2ad16715e161,1,1,0,2,100.0
0a097395-76f1-4628-8fb9-d7759f035dab,1,1,0,2,100.0
09df4fa2-834c-5adb-accb-57f5bd217364,0,2,0,2,0.0
09b7d0dc-cb70-509e-923f-afd7250649f6,1,1,0,2,100.0
0994cd97-55dd-54fe-aa83-b146d7ab9fe2,1,1,0,2,100.0
0573bb42-c269-50b6-b827-e3abd012c902,1,1,0,2,100.0
0970f64a-3daa-5278-a39c-8556e0fdd896,1,1,0,2,100.0
0902372c-d99c-5cb3-b4c3-b7556c2631ee,1,1,0,2,100.0
08f4fa3f-000c-5532-b070-767f0cb8f716,1,1,0,2,100.0
08d7eaff-db67-5bdb-8f08-da37a5cf82d0,1,1,0,2,100.0
08ae7e78-e604-5bc6-9de5-e483a81cc3d8,1,1,0,2,100.0
0888422e-3f91-5610-9764-78fa2a313c28,1,1,0,2,100.0
0858b629-b2c6-5ed0-9994-ba25c893f67d,1,1,0,2,100.0
07795e7a-43af-59a8-990b-38b11b4d52aa,1,1,0,2,100.0
06ceb55a-01df-5506-8891-44060a44c3d8,1,1,0,2,100.0
0669578d-bbab-5662-ae01-bdf079f2e078,1,1,0,2,100.0
0642346f-16f9-5e4d-a858-e054e86f4aca,1,1,0,2,100.0
05d06d34-edee-5806-9bbc-228b100ab528,1,1,0,2,100.0
05b1da3a-6343-5553-a996-96a79e1288dc,0,2,0,2,0.0
16e581ff-6b65-5137-8efa-e1ffd82f15f7,0,2,0,2,0.0
174891b1-c599-509e-afe6-3401603a365c,1,1,0,2,100.0
2c736b59-dde2-5b33-92a6-e55d4084abff,1,1,0,2,100.0
24171ef7-6aa1-520e-8775-c56d06db298c,1,1,0,2,100.0
26386736-f319-57ee-bc76-178a34b4ccb3,1,1,0,2,100.0
25d8c9ed-cdf5-56c3-808a-a6badbe43ac0,1,1,0,2,100.0
25c6ea5f-ec5f-5905-b437-abc58604c1c6,0,2,0,2,0.0
25aa52ab-7da3-5ed3-ba51-852783aaeb8d,0,2,0,2,0.0
2582fba3-8f1c-5549-acca-0ccd971bd56e,1,1,0,2,100.0
257d7371-49aa-57ea-83e0-c244b9dc348e,1,1,0,2,100.0
256ad2d7-8488-5279-a64f-c808f45791d1,1,1,0,2,100.0
2563767f-1554-5472-80ec-e88f7131ab17,1,1,0,2,100.0
25516f4d-f721-5ee0-93bd-b3d683807dbb,1,1,0,2,100.0
25080495-d46b-4d2f-9607-668a8a7aee9e,0,1,1,2,0.0
24c1be8b-2aca-5672-8292-800715ac5469,1,1,0,2,100.0
248fca8f-bacc-5b84-ba63-25e6499f7d9d,1,1,0,2,100.0
247e8948-ec13-5252-aafa-e1443633c03c,1,1,0,2,100.0
23b78177-126f-543d-aa85-6ebecf0342fa,1,1,0,2,100.0
2665a727-2ba1-564b-8a8f-af7c4d1a9920,1,1,0,2,100.0
23b33b53-e4f7-556f-86e0-2560f54880cd,1,1,0,2,100.0
2329f4d9-a7d1-56d5-8dc1-6c6cb58fe8fb,1,1,0,2,100.0
2329eaa7-36b6-5d9f-a540-f69b6414a840,1,1,0,2,100.0
22fd78c1-9c21-5bc3-b26c-ba998e38ee58,1,1,0,2,100.0
22d4b615-7673-53d6-8582-5df2c9b56150,1,1,0,2,100.0
2297287e-8aae-4caa-b79a-86c66152f736,1,1,0,2,100.0
22515bd5-9825-5837-bb62-1f685362a594,1,1,0,2,100.0
222e4e15-4fa0-559d-963e-9cbc72d28749,1,1,0,2,100.0
21d82aca-db42-5c14-b774-7d24030adbec,1,1,0,2,100.0
216ad2c6-198a-5540-8d29-436b588f8af6,1,1,0,2,100.0
2146f232-c51f-5e0e-a4b4-173e8bab0bbc,0,2,0,2,0.0
20fffa24-ca8c-53f2-b68f-a8e038e11329,1,1,0,2,100.0
20e66c20-1606-597f-a78d-d62bdb7d97b3,1,1,0,2,100.0
263d9e11-4bf4-5518-9c57-cea01e62d6a3,1,1,0,2,100.0
2687d459-e13b-584a-9ea7-cb9e7984e885,1,1,0,2,100.0
207aed74-4ede-5612-9632-c96ad456ceca,1,1,0,2,100.0
28f01db6-1adc-5e84-867a-43e22c83be9a,1,1,0,2,100.0
2c439211-ae30-58dc-8515-dab828f040e7,0,2,0,2,0.0
2c32d53d-1f64-5456-819d-fe37c55d6af7,1,1,0,2,100.0
2c2e25d0-9b29-53c9-9ddf-8c2e406d29b3,1,1,0,2,100.0
2c0f586e-37ad-51cc-940d-8b22ae5b56b2,1,1,0,2,100.0
2ba666e2-fc7a-584c-b30f-a49bc08bb651,1,1,0,2,100.0
2b225a46-a0d8-51be-889a-10696baead59,1,1,0,2,100.0
2af31cee-be6c-5695-b100-8491a2ce12c5,1,1,0,2,100.0
2a62cd54-dbef-5ac6-bb86-f95797fcac5c,1,1,0,2,100.0
2a342438-918d-47d5-b172-2284046222fd,0,1,1,2,0.0
2a20c79c-7578-5247-878b-a6b71fba3769,1,1,0,2,100.0
29b3c7b7-131e-537d-bcac-3d76a16bf20f,1,1,0,2,100.0
291bcb76-742d-536b-bd70-9133ce947234,1,1,0,2,100.0
290a4367-8a98-5bbf-9681-26019fa99005,0,2,0,2,0.0
28dc445a-8eb2-59c0-a604-83e59ef53ce4,1,1,0,2,100.0
26a47679-59a6-5908-bd6d-98dcc7000573,1,1,0,2,100.0
285f9f55-d08c-587b-b7a8-f5bc5bfc44bc,1,1,0,2,100.0
28570650-3565-57f9-8eef-234eacb351be,1,1,0,2,100.0
280fcfd8-c21c-507b-a682-1d38d5229047,1,1,0,2,100.0
28000198-2f04-5b54-9230-8d168e6f4a32,1,1,0,2,100.0
27d73dbf-eba5-5e74-bd99-86785a207f08,0,2,0,2,0.0
27d5faeb-c156-5d2d-8ece-4d9de62449b8,1,1,0,2,100.0
27a91fe1-9fc0-5c28-9e9e-19ff0e7357a7,1,1,0,2,100.0
27a2728c-48e1-5dbe-a4fe-62393149101d,1,1,0,2,100.0
278941e3-40b2-523e-9f05-d2b60cb49fbc,0,2,0,2,0.0
27670eba-7706-5c3f-b890-35af99fee2f9,1,1,0,2,100.0
272d0543-53f1-5f42-8c67-568eb7841b18,1,1,0,2,100.0
27045276-900a-5f66-bb3e-65f7132ab09c,1,1,0,2,100.0
26d7eb06-a398-5bf5-9eb5-418771bde598,0,2,0,2,0.0
20cfb14b-264d-5a51-8ef5-0fb2b51f6bd7,1,1,0,2,100.0
206a3529-7c13-5735-8789-7d6ffaebab50,1,1,0,2,100.0
174dff54-673d-5e2d-8733-6b82b7c6a228,1,1,0,2,100.0
1a596849-21f6-5228-abc3-c4c9c4676b1b,1,1,0,2,100.0
1c8a5b10-2798-588d-870c-2723f75f66be,1,1,0,2,100.0
1c86d07c-21a0-54da-b422-b88ab383abbf,1,1,0,2,100.0
1c80d91e-9726-56df-a194-b15324dd7afc,1,1,0,2,100.0
1c6360c4-20f2-50c2-9c2f-5c3c3a563bb3,1,1,0,2,100.0
1c2fa0a1-11d5-508f-8155-32a442eb6f77,1,1,0,2,100.0
1c1af346-406f-5ff7-8623-08877b7a89c0,1,1,0,2,100.0
1bf06ac7-1ae0-47ca-95bb-457265ceda75,1,1,0,2,100.0
1bea6344-77a8-53e4-85e3-b351b621e6a5,1,1,0,2,100.0
1baf056b-12fa-52cb-966c-7b6e710382de,1,1,0,2,100.0
1b2eae48-6c5f-45df-a923-8e94c6745689,0,1,1,2,0.0
1b03f4b4-bc97-5970-b180-7a4434030395,1,1,0,2,100.0
1ac7c30d-1c21-5135-bd91-beb7af3bdac1,1,1,0,2,100.0
1aac786b-0fcc-5399-9197-20d0e5928406,1,1,0,2,100.0
1a27b2d3-ca3d-54c7-a543-c873b91bf54c,1,1,0,2,100.0
1caa5600-4e7e-5e19-a320-9ea955ac19c9,1,1,0,2,100.0
19a01f84-54f3-537f-966a-c48c28a90ff9,1,1,0,2,100.0
195956bd-8d66-4e22-b6a9-3729b808a827,0,1,1,2,0.0
193a347e-bede-58d4-9d58-1000cb2ce332,1,1,0,2,100.0
192e0e60-20d7-5a83-97ee-735798ddf8fb,1,1,0,2,100.0
1928de02-a60d-5f24-b6e2-19c49cf29c43,1,1,0,2,100.0
18d7d724-fc52-5668-92fa-887a4af153c1,1,1,0,2,100.0
18b21ae3-043e-55e2-a0fe-abe3858632a0,1,1,0,2,100.0
188c557b-03da-5dd2-8b52-db77cbd84fcf,0,2,0,2,0.0
1854545b-86e2-54e2-b4a5-6bf706b6ebc5,0,2,0,2,0.0
17f88f13-7bfd-5730-bf65-e4dc0d3d648f,1,1,0,2,100.0
17caab8b-9737-5baa-97b9-62de7e3b5ce6,1,1,0,2,100.0
17bb39dd-e13c-5d76-8f29-dec84d05bd3e,1,1,0,2,100.0
1770d48e-9388-584d-87c2-c7f1ba1a7b97,1,1,0,2,100.0
1ca4bfd1-f592-5473-978b-05562ea34f65,1,1,0,2,100.0
1cc34c6c-d447-5fbf-8e46-2b2f5d646509,1,1,0,2,100.0
200a5de0-b145-5143-849d-30e4ab0fd8da,1,1,0,2,100.0
1eb5cfa8-3ec7-5d86-97d7-cf1aaf602af7,1,1,0,2,100.0
1ff6348a-40bf-56ac-aa0d-60c2658f3696,1,1,0,2,100.0
1fe0b307-570d-59a8-a234-8af0332113a7,0,2,0,2,0.0
1fd43f82-c08c-5451-a821-bbb2457d7cde,1,1,0,2,100.0
1fca9fbd-4919-5fcd-8caa-88d04532da33,1,1,0,2,100.0
1fa827e5-e7e0-5b2f-8d6c-be3842ad46ac,0,2,0,2,0.0
1f8e9ee4-d0e8-5593-bc7c-a15bf511a960,0,2,0,2,0.0
1f43a949-9e18-5e40-b138-18d76034f79c,1,1,0,2,100.0
1f3ad397-7d56-5c79-a8d7-d980ef7f38d4,1,1,0,2,100.0
1f2f18e4-76dc-5bc9-8e06-dcf4313f233d,1,1,0,2,100.0
1f2275a9-9a72-513e-9abe-4e11512f2a32,1,1,0,2,100.0
1f1a8fd2-a797-5b94-859e-f942c78ba304,1,1,0,2,100.0
1ed80dce-b4ed-581e-9fe3-109629b86e0f,1,1,0,2,100.0
1ed22e71-e3b5-5d3c-b732-584fe66f721c,1,1,0,2,100.0
1e7067e9-dc74-5cce-a80b-f80d99c3a7e3,1,1,0,2,100.0
1cc86c2c-06c6-41fb-8d72-100669f98b4e,1,1,0,2,100.0
1e4610cb-0303-5316-a75d-a867ed5044b5,1,1,0,2,100.0
1e4401a5-d0ee-5021-9ee0-5f3560b609c0,1,1,0,2,100.0
1e39d2ba-1f10-52b9-bb01-fb03fc2c17c0,1,1,0,2,100.0
1e1216d7-79e8-587e-abc2-09d9c6b70160,1,1,0,2,100.0
1e0008c6-4331-5285-a1ed-9a545cc181cf,1,1,0,2,100.0
1dd1ad42-d4cf-5828-a17e-fd3cdb2a921d,1,1,0,2,100.0
1da6d2aa-f688-520d-8ad9-6e3d9f25031e,1,1,0,2,100.0
1da39df3-cf08-53d5-b8b2-b3bcee59c131,1,1,0,2,100.0
1d6aadb4-b1e1-5dbd-879d-962bd10a9e62,1,1,0,2,100.0
1d5b0367-27c2-516a-b9b6-f1eeccfc87bb,1,1,0,2,100.0
1d2081c4-3345-5e80-a5b7-247f23450e06,1,1,0,2,100.0
1d163a2a-81df-5561-bb85-a02a33dda89d,1,1,0,2,100.0
1cd31157-3700-5a4b-bae2-3358da60bdaf,1,1,0,2,100.0
5d24ed5a-a8d4-533c-84c9-ed3647c59845,0,2,0,2,0.0
7d943693-e5f0-52e6-b0c0-da8050495cbf,1,1,0,2,100.0
70bd0516-92fe-5e20-b1d5-7bd543d8c407,1,1,0,2,100.0
6b4211ac-fdc3-532f-8c85-eb253f1ee96b,1,1,0,2,100.0
65b9e828-4def-5f99-afbb-aa4b34d73851,1,1,0,2,100.0
6b74dea1-4a6c-50d4-b166-debc654622f2,1,1,0,2,100.0
5f7257e8-8fc1-5863-853f-a78017185970,1,1,0,2,100.0
6b8a0f58-22cd-5c2b-9529-c23b45270171,1,1,0,2,100.0
71ca59c6-da8a-53f0-b901-cd0d5e3fa951,1,1,0,2,100.0
65bc095e-8516-5672-be3a-7cd2d29ad5d0,1,1,0,2,100.0
5f86ad60-5c3a-5996-8c4b-b32ccba46e6f,1,1,0,2,100.0
71d1f46d-1bb0-5dd8-85d5-ff8acf8cbca7,1,1,0,2,100.0
5fc3a7c8-8ea7-5bcc-bb33-79c020f14fea,1,1,0,2,100.0
65c4dfb5-b808-5258-91ed-8b25a0701744,1,1,0,2,100.0
6b95c216-5fe2-533c-951c-375482e4a935,1,1,0,2,100.0
7215b250-43e6-5bd3-b3c7-21c01cabc9d3,1,1,0,2,100.0
600fb29e-e704-5c97-9c97-2774985cc4d5,1,1,0,2,100.0
632e422a-a5c5-545a-a3a2-137347263bac,1,1,0,2,100.0
60236951-8ca2-5ff7-9442-ffaf07dff11d,1,1,0,2,100.0
6041386d-5db2-5956-9de6-c5900deaab07,1,1,0,2,100.0
67bf0b82-8707-5351-be04-6b10c4d6827f,1,1,0,2,100.0
65cca224-f177-565f-bc5f-094fb042a712,1,1,0,2,100.0
60491a22-c886-54bc-8618-2184c862a56b,0,2,0,2,0.0
677b24b6-ca59-571d-a33a-ff84aa8a48d6,1,1,0,2,100.0
6bb952aa-61d4-5bb7-b48e-d26f49eaffd5,1,1,0,2,100.0
6e5d05cd-2420-583d-9af3-0b4efce95b0c,1,1,0,2,100.0
6877107d-8d6e-5c33-9be2-800fad30afb6,1,1,0,2,100.0
6e05d32e-21ce-54bd-8d1d-b7b8e6411633,0,2,0,2,0.0
6e8fc4ee-81dc-5838-b6d8-7ade889be2df,1,1,0,2,100.0
652e0506-e934-5a82-a97a-8b3875d7a8ce,1,1,0,2,100.0
6efc975b-a409-5069-aff3-817a7dac94ce,1,1,0,2,100.0
692203e6-3920-5082-80a2-e50349ad5b35,1,1,0,2,100.0
6ecb39fc-f33f-5cb0-90c7-005075f0c383,1,1,0,2,100.0
6ebba40b-fa83-557e-8f12-64f636bd9bcc,1,1,0,2,100.0
6b288b2e-96fa-5aff-b493-a16a97bc507a,0,2,0,2,0.0
70fbbe11-3091-532f-93bc-3d550d14ec36,1,1,0,2,100.0
712d3edb-dae3-5154-ab77-1c111046380e,1,1,0,2,100.0
74805186-c41a-5abb-b72d-262932aaf861,1,1,0,2,100.0
5f39a890-c50e-5004-a1d4-91bcf46b7042,1,1,0,2,100.0
6eb5247c-4584-5a83-a65a-8f12affe537c,1,1,0,2,100.0
690e1f76-7d43-5c08-a999-7dc704c2236d,1,1,0,2,100.0
5f3bde6e-ee8a-545c-919d-cf2b5079d5d4,1,1,0,2,100.0
747f1791-40f4-5c75-9b25-41df411073e1,1,1,0,2,100.0
65984645-70f9-5158-b7f5-fc6e153fc689,1,1,0,2,100.0
6ea590a7-8964-5746-abcb-297a4b97472c,1,1,0,2,100.0
71613764-8dbc-5f35-a892-0f95a915ea0f,1,1,0,2,100.0
71a9c5a3-e5f8-5f9b-be4e-d94f3e629a22,1,1,0,2,100.0
5f56f4cc-a252-5f31-80b8-749d2f740714,1,1,0,2,100.0
746f7e55-e2ae-5e29-a598-27c6030c4786,1,1,0,2,100.0
6895b257-87fe-5e05-a487-e65dc4de5066,1,1,0,2,100.0
65d45131-ec44-5adc-9d19-70186d27067f,1,1,0,2,100.0
63286f9c-7337-5671-acf1-f1afe41c8313,1,1,0,2,100.0
69483176-24d7-5c0f-9368-133c1a861ba6,1,1,0,2,100.0
6708b915-b409-51d6-bbb3-06dad5227493,0,2,0,2,0.0
6c934e5b-b4a1-52cf-a8d8-d424576bbc85,1,1,0,2,100.0
66259a19-9159-542b-82b3-4114ea10c3f0,1,1,0,2,100.0
73a74c87-aa5a-4656-87c5-0818b6971000,1,1,0,2,100.0
6d33c4f1-d950-53a0-a1af-a289598326af,1,1,0,2,100.0
6215808c-319f-5e4e-8160-3b3889e6828c,1,1,0,2,100.0
6cd9def8-dc21-5d69-966f-f0147f42b9d0,0,2,0,2,0.0
73195786-4a48-5dac-a35e-1fa7af04af0b,1,1,0,2,100.0
62193184-715c-5078-a9fe-59d8341adda5,1,1,0,2,100.0
62b8080d-0264-4bfb-96d3-d7862c321795,0,1,1,2,0.0
6668a194-bc41-42da-b1af-535d25fcb7f0,1,1,0,2,100.0
6233c082-2b44-5a06-ae3c-46fca0532650,0,2,0,2,0.0
6cee56f9-3c4f-5f94-a1ad-0a0647770252,1,1,0,2,100.0
731f4d36-cad0-5091-803f-98ac1cefeec3,0,2,0,2,0.0
7372d538-57d9-5a99-93ec-8c7aebab6be5,1,1,0,2,100.0
665352ee-7c14-59d1-bedf-b9c96c759f2f,1,1,0,2,100.0
6d2a6332-e20b-54ac-9fbc-1a9596891daf,1,1,0,2,100.0
6d060e9f-e5ae-5040-9283-e7dcd67aea50,0,2,0,2,0.0
7336aca0-0891-5029-944d-f31a26e47a00,1,1,0,2,100.0
665e6562-9c9c-5c90-a159-ed1d4a61a61c,1,1,0,2,100.0
6d29680b-1d1c-5783-8ab5-a2c57b269886,0,2,0,2,0.0
7335e9b7-d4ff-50c6-b5b8-87b6a2a46b6b,1,1,0,2,100.0
73e9784b-e19b-5f6a-a6ee-9e906d3bded9,1,1,0,2,100.0
6c83f4e7-2f85-5238-b4c3-dcafd988f1ea,1,1,0,2,100.0
6326c465-09b5-5afb-981b-772a6a592889,0,2,0,2,0.0
6c81a57d-2b5d-5858-afaa-5723b7ea9bba,1,1,0,2,100.0
72607073-2a28-524d-9505-dcfc0fd3ec72,1,1,0,2,100.0
60acf581-86fa-5e3a-ab62-b75cf8275f36,1,1,0,2,100.0
6bdcbc96-e287-5034-99e6-452032e0bc53,1,1,0,2,100.0
65f96010-b7e4-5a1a-ad68-1d3dac083072,1,1,0,2,100.0
60bf6343-9523-532c-81e9-64f8e0571084,1,1,0,2,100.0
60f56b52-ce6c-55e3-84c6-cbff2e51b680,1,1,0,2,100.0
6df50ce5-51ef-5cdb-a75a-77e08f54319e,1,1,0,2,100.0
6ded4cf9-ac4b-5bbd-a844-2f90496af59f,0,2,0,2,0.0
611d3863-017b-5851-94e8-7e5a42f55e3a,1,1,0,2,100.0
741b6c94-9617-5813-846f-ada3d5eb5bad,1,1,0,2,100.0
6144af58-ccb9-5167-93df-e81477db1d72,1,1,0,2,100.0
6758e58b-35d9-4730-a501-6c595319d550,0,2,0,2,0.0
674de59e-4102-5507-8796-653e4715b85a,1,1,0,2,100.0
66039cfc-95e4-5465-9f74-92fe985f0c51,1,1,0,2,100.0
6157c558-f861-567b-9963-7f5eb13532c1,1,1,0,2,100.0
6c34db84-4519-5c52-8bbb-e175d35645b2,1,1,0,2,100.0
6611be29-956b-56d5-9f6b-987aa9afc725,1,1,0,2,100.0
741717a2-90e9-5e87-9117-e7ff015e91a7,1,1,0,2,100.0
661614f3-4659-5d75-8ddf-2c9e59199bf2,1,1,0,2,100.0
7413315d-4bb0-5bf8-9940-21af0af80126,1,1,0,2,100.0
6197de2a-845b-5a6d-a69b-00ed27169c45,1,1,0,2,100.0
638cf185-dac2-5a6b-9d71-717a42b38ae9,1,1,0,2,100.0
63432a66-a348-56bb-a3c4-61f97fccffae,1,1,0,2,100.0
629480c6-20f4-5c4b-bedf-5fa7152db76a,1,1,0,2,100.0
7512e396-6e95-5594-8533-3989eb38fefd,1,1,0,2,100.0
63a40951-942c-577a-9d33-723ab21f76cb,1,1,0,2,100.0
6fb762e7-1fa8-5d73-9f3e-ff0674168f60,1,1,0,2,100.0
696bac76-6404-5175-babe-231e3119329c,1,1,0,2,100.0
5de23479-f66d-4887-b5f2-6399b195341d,0,1,1,2,0.0
6a87e5ff-07e9-5ec2-a012-e0dde5d9ffe4,1,1,0,2,100.0
5eacbd21-620d-5bee-bc1b-956f8f891b40,0,2,0,2,0.0
752eb1db-2dac-5c8d-9f01-98728ab500cd,1,1,0,2,100.0
7615bac1-37f8-531c-9307-ae7000934452,1,1,0,2,100.0
6ae2f4d5-2896-5c06-b6f5-4871351ecc6e,0,2,0,2,0.0
7541fd1b-0cd0-54e1-ad3e-87302720b392,1,1,0,2,100.0
69715d06-1110-5502-9beb-42a10be1575b,1,1,0,2,100.0
6fe63e28-1d7c-534a-8329-58cf02a1f7ea,1,1,0,2,100.0
6ad602d0-6600-57c5-9abd-68d3897c4911,0,2,0,2,0.0
70d095ff-24af-53ef-937f-922e70c9eb16,1,1,0,2,100.0
69da79e5-ab49-579f-923f-f913537f72d7,1,1,0,2,100.0
646f38cc-ff2b-5d01-99c6-f7614d1b7f65,1,1,0,2,100.0
5e7bbced-c273-5333-b553-44e53b9beacf,1,1,0,2,100.0
6ad1646f-fd61-59a1-ae90-cd6756ec2db0,1,1,0,2,100.0
698c0a48-e124-507f-a74c-d62760e2bc38,1,1,0,2,100.0
70316f08-c4ac-5966-b934-b7dbbe6fd073,1,1,0,2,100.0
6a948d7d-f152-56bd-afa2-280d6e25d339,1,1,0,2,100.0
75da2c94-4b94-59a7-a274-5855c69cf324,1,1,0,2,100.0
75bb1a65-ed6d-5871-bc7e-29f680c0392b,1,1,0,2,100.0
69ab5ee4-f54f-5be1-bfcc-779885011a98,1,1,0,2,100.0
63a4aa5f-3e91-5cc3-a59f-3143b6edf201,1,1,0,2,100.0
7078ba65-cf24-5afe-821d-be0b1fadeafd,1,1,0,2,100.0
6447f68e-8157-5f4c-bb15-1c545087ddeb,1,1,0,2,100.0
6acdc20c-837d-5865-9a80-c8be0d182bbb,1,1,0,2,100.0
5e6c612c-0672-4b78-8a3a-11c1e2dcaf43,1,1,0,2,100.0
5eae439a-effa-59dc-8fd6-06d4e8a0b049,1,1,0,2,100.0
6f257f2c-9dc3-5f98-8203-7c7d7688b769,1,1,0,2,100.0
69cf88d3-67ac-5dfc-b14e-30037d7b4247,1,1,0,2,100.0
5da8d690-a05f-5c03-ae2a-133b0a62bd14,1,1,0,2,100.0
74c9d455-2242-5317-8bf7-158cb4caddaf,1,1,0,2,100.0
74b28f68-f5e7-5fdd-825c-89db0c338f4f,1,1,0,2,100.0
639c6a09-0ef8-59e2-abe0-314272a220e2,1,1,0,2,100.0
5eb160ce-3bda-51d8-9d18-dad7517ae624,1,1,0,2,100.0
69684313-15d0-53ad-b36d-bd9d2a6f88c6,1,1,0,2,100.0
694de351-5de0-547b-9eac-d2dab7605f2c,1,1,0,2,100.0
6a4e82bd-0465-5d98-8fce-2201eacdb6a9,1,1,0,2,100.0
6f74b833-294b-5ba5-8a46-4d8765f15f05,1,1,0,2,100.0
63dbad5f-e1f7-5a14-9c68-531a8dcf827a,1,1,0,2,100.0
6a282bb3-ee78-5a5d-ad2b-7f14c43c9835,1,1,0,2,100.0
6aea31f0-0b0b-5ab1-835a-13f943788cd5,1,1,0,2,100.0
5ecef19b-73c6-55f1-865e-95cb79f9eb15,1,1,0,2,100.0
6f22cd2f-585e-5e67-97ab-d9d5b845f5a5,0,2,0,2,0.0
63f7f5c6-294b-5c3b-ac03-2e43038b5c55,1,1,0,2,100.0
6a0f3569-5e7e-592e-a6ab-7733f7bd8530,1,1,0,2,100.0
6f1d560c-e0cd-59fe-9c4a-599798d4fa62,1,1,0,2,100.0
6b05f01f-41df-502d-8248-b4bc012c6593,1,1,0,2,100.0
e505be21-bc5a-5ff8-9b78-d29219c09383,0,1,0,1,0.0
6de7a3ad-9d54-541c-a99c-b8e75e81b0ce,0,1,0,1,0.0
7fb31ff7-5805-5d68-a648-8229b57e6957,0,1,0,1,0.0
e3d3fd81-8697-58b9-9bb0-8bbfa403b279,0,1,0,1,0.0
1749bd58-cf56-5b28-82d5-84becc834086,0,1,0,1,0.0
dc4811a9-a571-4d94-9d0b-dc16e396cc28,0,1,0,1,0.0
16f05dd9-b0fc-5dad-86b2-2a7bdeffa5bf,0,1,0,1,0.0
6deb0c35-f94b-5878-8e6e-7571fde37461,0,1,0,1,0.0
7e20b4a0-a66a-5bd2-99eb-27846f1d4e2d,0,1,0,1,0.0
de08e524-ab72-523e-81c3-003cae29dd2a,0,1,0,1,0.0
7e274adc-c485-5c06-8f32-0382302a6b03,0,1,0,1,0.0
de47ad1b-154d-58e5-ab11-4e97db1300a7,0,1,0,1,0.0
ddb1e7eb-ff95-5a2f-9869-2205e1327ba4,0,1,0,1,0.0
1733b4bb-1870-5377-862a-e63de1f94e8c,0,1,0,1,0.0
80693245-0a24-491b-a1fd-68265b8d0679,0,1,0,1,0.0
1710be1f-8ed3-5356-a6d9-b86ea19c964b,0,1,0,1,0.0
163760eb-ea13-5287-bef4-57cc198bf942,0,1,0,1,0.0
6f6bbf0a-1381-53b9-aadc-740f953c5baf,0,1,0,1,0.0
6f2d2250-112e-5468-a097-f30c3ee05c22,0,1,0,1,0.0
dce7d38b-070e-5062-893a-470f7acd0adc,0,1,0,1,0.0
1673d644-dccd-557d-bd69-30740419e915,0,1,0,1,0.0
804d6bf9-35d2-597d-ba0d-2131c73be864,0,1,0,1,0.0
7df93744-03c4-5ba7-bc00-1afda43e834f,0,1,0,1,0.0
e3f3d7ad-8e14-5d05-9361-aa4249d61b64,0,1,0,1,0.0
1d5a466e-f277-57e6-9baa-08f434ca4a28,0,1,0,1,0.0
dc9e3a46-2dcc-5c19-a1ec-8c50e1774480,0,1,0,1,0.0
7dfab4ba-671e-5778-bc31-3c80bf430f3f,0,1,0,1,0.0
6d4fabf1-a784-5ff6-b82a-5f9ab3708bc6,0,1,0,1,0.0
dcdd208b-8cc5-573b-9c91-2205ccac31e8,0,1,0,1,0.0
deb40be7-ea75-53e5-8e8c-2801fcafc744,0,1,0,1,0.0
dc8cd66d-6b90-51da-b957-e4e692d4641f,0,1,0,1,0.0
1d78f7da-31b7-5264-8d6a-6c2f2c26a067,0,1,0,1,0.0
e3e5d257-eae9-5ee8-ae43-f83fbaffe5eb,0,1,0,1,0.0
16c731ca-4d35-52a0-a534-864207960f57,0,1,0,1,0.0
80120ecc-f919-5c5b-a56d-2aedec9df227,0,1,0,1,0.0
8006b84c-472d-5037-9ae0-01d61f978870,0,1,0,1,0.0
7fe6b644-0665-503e-bdde-11224ee62b74,0,1,0,1,0.0
dc704c02-d0fb-5596-8e85-26796e8f5dbd,0,1,0,1,0.0
7ded2966-1f1d-547f-9b2a-0fff08393c86,0,1,0,1,0.0
dc6ee64e-b03b-5029-83ba-3dc9772bad89,0,1,0,1,0.0
ddaf998b-4d0b-5e0c-9cb4-720f05937b31,0,1,0,1,0.0
e4f830a1-2bf1-5a9c-8f10-184983c407a4,0,1,0,1,0.0
e451e6ed-8c26-56a3-8804-20a5d2a8908e,0,1,0,1,0.0
dc4e9af3-bec8-55ae-b693-04e4b8176ce1,0,1,0,1,0.0
16cadbb8-0f09-5ff9-9f49-90ca1290f796,0,1,0,1,0.0
e1d532fe-393a-5ecd-9bd0-fbf210af1443,0,1,0,1,0.0
deb5f378-151e-5097-a853-daceb5487fef,0,1,0,1,0.0
e0b6d10f-9374-57fa-b071-2b6431b0afc8,0,1,0,1,0.0
1abfd37a-5105-5f7e-b2a0-f52d95e515ae,0,1,0,1,0.0
e030a470-7bac-5d79-b3d2-873070a5e3b4,0,1,0,1,0.0
e034931c-6895-55c4-a225-a0968f725204,0,1,0,1,0.0
7f2b7c9f-3933-529a-9df4-a79cce70af83,0,1,0,1,0.0
e0572863-bee9-4207-8a4b-614529ad8958,0,1,0,1,0.0
1aaa4bba-3b25-5ac7-a045-09eb3da10e92,0,1,0,1,0.0
7e614c15-2b7f-5155-b27d-fe0b3a849eb4,0,1,0,1,0.0
188fba7a-2ab3-5387-9fc4-246634b968fc,0,1,0,1,0.0
e0715c0c-a08a-52f0-b44c-ebf901f9b225,0,1,0,1,0.0
1a56f2ed-47a6-59ef-a049-74c815da9464,0,1,0,1,0.0
808746f1-ee64-53c8-b70b-00a45ff766db,0,1,0,1,0.0
19e4ae24-ff2c-5be3-a059-0a9352c7887b,0,1,0,1,0.0
e0af747d-4970-5cb3-9703-6a7453d47350,0,1,0,1,0.0
e0b5f159-cff2-5f18-aa26-c64c5989c9c5,0,1,0,1,0.0
19ad0724-4957-56c4-a656-e97a65e7ad4a,0,1,0,1,0.0
e3853cf5-9291-5903-8e65-c02f3822e247,0,1,0,1,0.0
19a99c6f-544c-5ce5-9c94-85dd3ca91366,0,1,0,1,0.0
e116eafc-848e-51ff-8147-210696467637,0,1,0,1,0.0
18dc10ea-17de-5635-8a6c-4f372c328b26,0,1,0,1,0.0
e1ff4ee8-75a1-50e4-84a3-77075e9611e5,0,1,0,1,0.0
e117ec79-72b1-5b7b-9429-4c5abe075110,0,1,0,1,0.0
e1f814d0-08f5-5ebb-819f-6445940a7629,0,1,0,1,0.0
e1eb7481-f24b-5b4e-b2c8-97eceec37855,0,1,0,1,0.0
e16d029b-9739-559c-850c-11bfced4dfa1,0,1,0,1,0.0
1916b2c0-81f1-56d2-8f24-4fb31c09e7dc,0,1,0,1,0.0
e17caab2-e7cd-5a50-ad48-2c51fbaa1fe6,0,1,0,1,0.0
192f0081-720c-4b36-85cc-1296d98c3bd6,0,1,0,1,0.0
6f12ca0a-7c1a-5db5-b0cc-d330a3e9423f,0,1,0,1,0.0
e1d553c4-e345-5f2d-9006-2e0b79baddb3,0,1,0,1,0.0
e1b6a1be-8d36-5633-8717-6221d6b9d5aa,0,1,0,1,0.0
6e81b6b2-48db-5c2a-80e3-9a0ab6f8cd43,0,1,0,1,0.0
1aefbedb-05d3-5ab2-92bc-1ecd60196d0b,0,1,0,1,0.0
e2bb475b-b253-5059-abae-dbe02ef4e341,0,1,0,1,0.0
6e564753-ee19-5806-a33b-814a01f18485,0,1,0,1,0.0
dec95f91-52ed-46a4-b379-14a41c22708b,0,1,0,1,0.0
7e3cff65-88b9-5f87-af1e-207e86c378d1,0,1,0,1,0.0
1761971f-9862-5e33-add4-81c058ff1f36,0,1,0,1,0.0
e376f0c3-4e07-5bf2-832f-bb284883c4d7,0,1,0,1,0.0
ded4d373-b4db-5632-8534-f31938657975,0,1,0,1,0.0
6e039f52-71fc-54aa-b404-b17c6e11b6a8,0,1,0,1,0.0
defe4ffe-11c8-5193-afe1-8e45ae928934,0,1,0,1,0.0
e3630780-f565-50c1-aa8e-122f871531d5,0,1,0,1,0.0
7e41dee2-8751-5b29-947c-a363022d43f4,0,1,0,1,0.0
e1be26aa-f1f9-5d91-a91c-97c52907142f,0,1,0,1,0.0
7f76e9d5-966e-457d-b142-b2be7b788318,0,1,0,1,0.0
df4b3e85-61dc-5690-845a-b017fbf73429,0,1,0,1,0.0
e34f7fa7-24e3-55a2-9635-7a00dd663819,0,1,0,1,0.0
6e1c24a2-f85d-5089-aa36-e9f88b7f3f50,0,1,0,1,0.0
1c1044ef-9fae-5f3b-96d8-f9d0d0bd7b32,0,1,0,1,0.0
df7fb8bc-8db5-4dcf-b1fd-5fafd272cf90,0,1,0,1,0.0
179719d3-92a8-5701-814b-ed30065f333b,0,1,0,1,0.0
17b7661c-68a6-525b-96df-159d2e07f872,0,1,0,1,0.0
7f5ecfb8-a97d-5b75-9d0b-6c678d44b915,0,1,0,1,0.0
dfa3f0c9-8bd3-57cc-b60a-a3ba8fb93f80,0,1,0,1,0.0
7e47d059-df67-5059-9837-480ca21b4187,0,1,0,1,0.0
17c1bfcf-3690-55d8-a00b-efc572979f59,0,1,0,1,0.0
6e40126a-6913-5879-9cce-de6f81a87d59,0,1,0,1,0.0
7e4ead92-d0a1-5067-9d0c-d2bbabf153a6,0,1,0,1,0.0
e3301c51-cd09-5cdc-9a4a-769f58e097b7,0,1,0,1,0.0
17d15779-265e-5b18-a23f-ff17e8116d9e,0,1,0,1,0.0
17f4750e-8064-451b-8a8c-f2657adad1df,0,1,0,1,0.0
7e5334d2-7127-56d2-8f75-920b5aac342d,0,1,0,1,0.0
7f3f6e5a-a90f-57f8-8799-3796909ded1e,0,1,0,1,0.0
1c536377-ed1b-5690-8a19-63aa5a25b17a,0,1,0,1,0.0
81b66e78-9aed-5713-a34a-84aa68efb0ea,0,1,0,1,0.0
dc20c786-cdf7-5177-9ece-64ed6952046f,0,1,0,1,0.0
d30ea615-0e7b-561f-a819-6b330f76a027,0,1,0,1,0.0
83dca45b-9f53-52a2-954d-818c4836560d,0,1,0,1,0.0
83e426e3-bcef-5a54-a436-b736beb8353b,0,1,0,1,0.0
841dfcc9-6a9c-571e-a08c-537a05a703b8,0,1,0,1,0.0
d37d29a4-ddf3-5977-8244-d55feaab3c11,0,1,0,1,0.0
d36e0817-6e75-53f6-a7b6-a4fda04f44b1,0,1,0,1,0.0
d343f244-1f3e-5022-923f-f8332bdf9015,0,1,0,1,0.0
25b59c99-cbf8-5eb5-b598-563d2283ebef,0,1,0,1,0.0
25bac058-b504-5c92-8480-bda06c74dafc,0,1,0,1,0.0
d305cf73-c8c6-5643-ae1b-e8a20dddbbbb,0,1,0,1,0.0
2659d1be-d8e8-524f-9e92-b2779e05c3d3,0,1,0,1,0.0
d3023942-031a-5f1a-b7eb-d7d1c1bad8d9,0,1,0,1,0.0
843a9c8c-22bc-5c92-b966-77fb4edeb2d0,0,1,0,1,0.0
25d69170-6edc-5d18-bd0b-db9393101b48,0,1,0,1,0.0
2620be0a-b17a-57f1-901c-4b1265621e6c,0,1,0,1,0.0
26280af0-b5c0-5d48-bb82-eb6eea6bbdcd,0,1,0,1,0.0
84784252-b66f-5806-be7b-bc414fdeec6e,0,1,0,1,0.0
d26b1109-63f9-50e2-aced-b95ded7cd3ab,0,1,0,1,0.0
d2416db8-6e86-57a6-a0d5-106a13fddf76,0,1,0,1,0.0
83c7d067-5f8e-5fd0-a023-4f12f5ac818c,0,1,0,1,0.0
d3f2438f-258b-5c68-a070-d40892bfe1ae,0,1,0,1,0.0
2524f54b-1c3a-50e0-b262-32642cf6d90d,0,1,0,1,0.0
83a07132-c1fd-5167-99cf-8bf3050113f8,0,1,0,1,0.0
833667f3-35fa-5b1e-bef3-3a1ba44bd22c,0,1,0,1,0.0
23ca8cea-5bab-58b6-aaf4-ecee8dbd717c,0,1,0,1,0.0
24091ed1-e076-5074-8d4b-f66bed107cc6,0,1,0,1,0.0
2411b7e2-55c6-5c16-a738-af875ca29090,0,1,0,1,0.0
6b2de518-f8a7-585a-b933-0590cb379307,0,1,0,1,0.0
24209a10-c67d-5c6f-bd77-676d0e951917,0,1,0,1,0.0
2422bcf8-d381-5d69-a3ad-aeddc0c406dd,0,1,0,1,0.0
242affa3-dba4-410c-aac5-ed8e243fc30c,0,1,0,1,0.0
2440d102-76c9-5f05-a605-40d99f5e1e0a,0,1,0,1,0.0
837e456c-1ea6-53e8-b3f2-70beead2221c,0,1,0,1,0.0
d4a98645-35c0-5b71-a52c-f02e25b30dd8,0,1,0,1,0.0
24b9762d-f37a-5075-b44d-59299b9728fb,0,1,0,1,0.0
83852918-38cc-516a-a4e2-fa8b4de8861a,0,1,0,1,0.0
24de562b-f507-51d1-b621-8219a330fa05,0,1,0,1,0.0
d482845f-2d9d-51af-9678-be28ead47bfb,0,1,0,1,0.0
d48185db-aba8-5981-bf70-96174d67bd1d,0,1,0,1,0.0
2504d000-4e97-54f0-9da3-461608406199,0,1,0,1,0.0
d23ba70a-1e7a-5737-a2a2-ebc74aefebb5,0,1,0,1,0.0
d2179689-7798-5805-a00e-37c690975bf9,0,1,0,1,0.0
808b5641-3327-51ef-b1fd-4c45867798ea,0,1,0,1,0.0
2803b42f-bbef-5b4f-a0a3-1655391af844,0,1,0,1,0.0
d0cba9d0-dfa5-5be3-bad8-4d51058b927d,0,1,0,1,0.0
d0c05cbd-3ace-5261-8ca1-307a542df517,0,1,0,1,0.0
27ce3527-a06b-5fce-b708-e19e25017c58,0,1,0,1,0.0
84ef31ce-88fd-54ce-b7f5-56769d810852,0,1,0,1,0.0
27d89c42-72aa-50c8-acc9-0561f7ad7f53,0,1,0,1,0.0
6a63c61b-2f61-53c7-96df-e04ba1b6fd16,0,1,0,1,0.0
d06d0c5b-5b83-5356-8ccf-ee56d7356477,0,1,0,1,0.0
2801e057-c470-403d-a410-69e861d01df2,0,1,0,1,0.0
859923ae-2450-5141-8df4-92411b735ac1,0,1,0,1,0.0
d20dc9fb-b32e-5939-a07d-638eceb3b9bb,0,1,0,1,0.0
d0460390-d386-4589-8ec7-8d38752f8348,0,1,0,1,0.0
85a4377b-9a23-5705-b8bd-0b7011006b24,0,1,0,1,0.0
d019dec6-a84e-5ed2-9c01-16e5e6c5073e,0,1,0,1,0.0
cfa36597-1550-5db3-8f84-9589b55c94eb,0,1,0,1,0.0
28603289-2550-58a2-968a-221cab5a46ab,0,1,0,1,0.0
289884f3-acb2-577e-981f-36f3fe660359,0,1,0,1,0.0
6a3f9efb-1f8d-529e-bf2a-3e1f1fb36056,0,1,0,1,0.0
cf7cf7e5-314c-57c6-bda7-5afd30204c39,0,1,0,1,0.0
d0cf4b03-18bd-5fd4-8ad8-402402c1d79a,0,1,0,1,0.0
6a8c29cb-d2f3-5016-bfc9-a95f953e9b2b,0,1,0,1,0.0
27a77154-3a86-513a-9cb5-7b181a08c4ca,0,1,0,1,0.0
d0fcf4f9-b24b-4852-bcbb-4734cc64c39e,0,1,0,1,0.0
d20b8c67-00f9-5977-9210-9080775f87cf,0,1,0,1,0.0
265ca8e7-7743-5cf2-ad70-efd4a60ca16f,0,1,0,1,0.0
6ad076c7-8e6f-5c8d-b5ed-c6905210895b,0,1,0,1,0.0
848bc6dd-1ba9-5f32-939e-dcb876683029,0,1,0,1,0.0
26b8db72-a2cf-51ef-b203-97c65e4033bd,0,1,0,1,0.0
848f9d4c-efc9-5392-be50-ffefb2437c83,0,1,0,1,0.0
26ed85b9-35de-5c28-99e6-177161e43404,0,1,0,1,0.0
26f0b800-f90b-5e7d-8486-15081a6d343a,0,1,0,1,0.0
84ba348e-a345-5fc3-9367-23a19e81b2ba,0,1,0,1,0.0
2724d072-6db0-5f54-99d4-7441ab3fcb57,0,1,0,1,0.0
84c90aaa-5e3f-53c3-9e51-8c68433b4969,0,1,0,1,0.0
d169fb13-5cbb-526b-a029-e2fe74c3e9fd,0,1,0,1,0.0
d15e4b62-8d0b-5718-ae82-f5450eddd19e,0,1,0,1,0.0
d122e45a-fff8-5f74-8fe8-0e9565e7b47c,0,1,0,1,0.0
277e9f5b-0315-51e4-b5bc-3d55b110c624,0,1,0,1,0.0
d1037623-36df-5e8f-b612-80fe3be12ff8,0,1,0,1,0.0
6ab6aa86-e801-524f-968b-a86de3b0b0da,0,1,0,1,0.0
832fa2f6-f602-57ec-8511-e4aab550807a,0,1,0,1,0.0
d54e8af4-65d6-55c0-94cc-2e8f1fe3df6c,0,1,0,1,0.0
d5552ca0-1443-5e7f-ad53-db6d3c9aa4f7,0,1,0,1,0.0
6bf493d7-6eba-596e-a00c-8c568f42c90e,0,1,0,1,0.0
811f4814-3a89-56ad-a9d0-8cbb91b8c0dd,0,1,0,1,0.0
da4df2ed-6f06-5b65-97e7-e4f943e7025a,0,1,0,1,0.0
da28ba6e-82aa-5b28-98f6-955e8f6f45fc,0,1,0,1,0.0
7dda65cb-c305-5ed0-b0cd-02ec00973230,0,1,0,1,0.0
6c452561-6212-5c98-95a7-e01a34e09a4c,0,1,0,1,0.0
da152ec0-4959-51e0-b487-1451c3025b6a,0,1,0,1,0.0
1fce3b6b-f3d6-52c3-812b-94460e33a8a9,0,1,0,1,0.0
1fe07b14-6a72-5360-9293-e0590d5f9876,0,1,0,1,0.0
1feb83df-a02e-596c-90b5-1b1bba3cb198,0,1,0,1,0.0
d56291a3-4cb3-594e-b0a4-84ac0198cfdc,0,1,0,1,0.0
81df74f0-671b-51c7-9c1a-fd8236f710a0,0,1,0,1,0.0
d9804a6d-4f96-52fa-90ea-fc9358d0761d,0,1,0,1,0.0
d974810b-145a-58c7-8089-0b13366d4a76,0,1,0,1,0.0
6bf28aee-8275-5420-b228-173469e5e315,0,1,0,1,0.0
2011db4b-f8d8-5f1a-901c-a8cefd1c0f25,0,1,0,1,0.0
822133a1-f5d2-52e7-9cc2-7d5d2030df2d,0,1,0,1,0.0
d933fea2-0912-5aa9-b8c2-7a05441fd2d0,0,1,0,1,0.0
208a8ab6-2bfb-50b3-a621-782877645c75,0,1,0,1,0.0
6c928b60-381e-54c4-ab99-2524dd002c00,0,1,0,1,0.0
1f261fb0-9112-52e8-a63b-c126f1153b69,0,1,0,1,0.0
80ed947a-6e44-5e1a-aced-6e88402e7801,0,1,0,1,0.0
da7dfc27-185b-541b-afd7-6ba989fe4f3e,0,1,0,1,0.0
db9eb0b2-cac3-5eae-bb7e-9482447b2f75,0,1,0,1,0.0
db9980df-c773-563e-8076-2035ed2f9a3a,0,1,0,1,0.0
db7a9a57-ca51-5f2d-b36f-2b638569f2c2,0,1,0,1,0.0
db66a5c6-dc03-5949-9f39-d31d4ef3e9c5,0,1,0,1,0.0
db60b78d-e33a-5592-815e-60f4ebbd703b,0,1,0,1,0.0
80a85c74-99c9-50ab-ba18-5e22b89d7049,0,1,0,1,0.0
dafb9d06-1e22-59a2-a911-c4353186de66,0,1,0,1,0.0
dae88a17-ca0f-57e4-bb5a-27f594ac1858,0,1,0,1,0.0
6cf5610c-220d-5a58-824e-a5b97da0e413,0,1,0,1,0.0
1eadf1eb-4568-5e2e-aefc-daac33d291a0,0,1,0,1,0.0
dad60a94-0230-5d8c-ad5d-0a1599e27129,0,1,0,1,0.0
dad30731-3ab0-5e03-9e99-cdaedfae95f4,0,1,0,1,0.0
80e003b2-e0d0-4663-b981-dad8bc22cb84,0,1,0,1,0.0
6cd7f258-94b2-50e0-a975-adfd722a9019,0,1,0,1,0.0
1f1498be-b5f3-5079-b13a-0cba7af0e7b2,0,1,0,1,0.0
da947587-4978-5b98-bd6e-afdcc3b835f1,0,1,0,1,0.0
1f168f2b-0d1d-53b0-a7d8-14e6103334bc,0,1,0,1,0.0
20adf085-b5f8-57f9-9da5-f1aaaf63580a,0,1,0,1,0.0
20badb9c-85b5-5157-b1dc-365e323b0a23,0,1,0,1,0.0
d84fe196-22f8-5ff0-871c-7aa5975f3f9f,0,1,0,1,0.0
d6f740cc-bcd2-5558-86a3-c3a523b50ef7,0,1,0,1,0.0
d6c4de57-21c5-5b87-a2ad-6196a2d8ea5e,0,1,0,1,0.0
d6b802b9-580e-5f44-9645-6a033cdf5785,0,1,0,1,0.0
2263b5bf-7312-5bff-802c-0297a2fa45b6,0,1,0,1,0.0
82dcf521-4e0d-5c62-aff7-6720b6076f56,0,1,0,1,0.0
229f6e6a-937a-5381-a244-1cc25d34db1d,0,1,0,1,0.0
82de00c3-f337-5ace-b549-37c00fb6da2e,0,1,0,1,0.0
22f086c9-89c0-5697-8909-d13b9619c922,0,1,0,1,0.0
d62d85c4-9177-5ab7-ac6d-719bc8658174,0,1,0,1,0.0
22f9e5cf-9605-5167-92f3-0095392c463a,0,1,0,1,0.0
d61ed2de-6586-5521-9417-fee9d4fece91,0,1,0,1,0.0
82ec4be5-9adc-50d8-b98d-b6ecc3d8b4e5,0,1,0,1,0.0
230e14a0-54f4-4376-8c62-85a1e55f18d4,0,1,0,1,0.0
831670a4-8ec2-546f-8966-53f452588218,0,1,0,1,0.0
83296087-c8de-578f-8f36-4a6457ee9d65,0,1,0,1,0.0
2356ce10-66c9-5054-abef-9fec8a768990,0,1,0,1,0.0
239f1dd7-d806-504b-a8fe-fa9b1e5729bf,0,1,0,1,0.0
23a82855-ef15-5782-aea2-dd40d70bc9aa,0,1,0,1,0.0
d6d65687-a336-5591-89ba-cf4828bb4317,0,1,0,1,0.0
21cfc43d-6a01-502f-be7d-a178c40f6b41,0,1,0,1,0.0
d839c3c7-da3d-521b-a19b-32fe3f2a0e6e,0,1,0,1,0.0
21c689b7-5ba1-5f08-a4a4-cc63a97b25f0,0,1,0,1,0.0
d8338651-8c11-58b3-8159-f41a3beb6174,0,1,0,1,0.0
d82f8de2-6a6c-5efc-a478-fec8b5dec50f,0,1,0,1,0.0
20bc8ce4-0c55-5b93-9e76-f9b87c80091e,0,1,0,1,0.0
20db93c1-e160-58e1-8631-6ef234a7c3d4,0,1,0,1,0.0
20e3438a-c88c-5c6e-b911-6657c7b75ad4,0,1,0,1,0.0
823e04cd-1238-5aa9-bdb9-ada0c903622f,0,1,0,1,0.0
d7ec6b87-38c5-5aa1-842a-04b4ead0cbfc,0,1,0,1,0.0
8267dab9-1d42-5110-ac78-14f49c534a7d,0,1,0,1,0.0
21005217-df8f-56f9-913c-012fa7b0534c,0,1,0,1,0.0
210ba6c5-87f3-5e04-891f-592a6d9b3981,0,1,0,1,0.0
6b98bbb3-8894-5ca0-b99a-adf5a2c40262,0,1,0,1,0.0
215604ae-7488-5e98-a3c3-39c46a408012,0,1,0,1,0.0
d7bbfb07-fd49-5e51-b0cf-b5c34f063f0e,0,1,0,1,0.0
d7bba64e-2a75-5d0a-9e0f-fd7cc73550d7,0,1,0,1,0.0
2157e66b-f4a1-5134-b00a-f20dbce2ffd3,0,1,0,1,0.0
d770e4d5-a99d-5ccd-9cee-f9d07ef9475f,0,1,0,1,0.0
217ea32f-d346-5b0b-a317-001bc022a87c,0,1,0,1,0.0
e5171b58-9cf9-5cf3-924d-4da7db122da1,0,1,0,1,0.0
5d828dc2-2ce3-5aad-8b54-0d6fd255a69b,0,1,0,1,0.0
6f724b08-09b2-55b2-994b-9f65d0d43079,0,1,0,1,0.0
05d1dd12-f40a-51c6-891f-37a43ed4ba02,0,1,0,1,0.0
05f86186-54d8-5b89-84bd-211139bc5334,0,1,0,1,0.0
0641da9c-79b2-5cf4-b4d0-40f0680924eb,0,1,0,1,0.0
066848b4-54c5-5136-9a76-6dfbc9c2bb50,0,1,0,1,0.0
789b1296-b302-5b8b-8171-371008afdcea,0,1,0,1,0.0
f6fd89ee-d847-51bc-addb-bc0985e5cef3,0,1,0,1,0.0
06a62c40-1f78-5aba-961b-14365b04893f,0,1,0,1,0.0
f6c3f23e-fef8-5341-8279-7704fb274520,0,1,0,1,0.0
06afe72e-49eb-5400-bedc-1cd2b4473988,0,1,0,1,0.0
78a6604a-7b08-5f0b-a950-7fd1c700a3ac,0,1,0,1,0.0
06e43fea-e5f9-58af-ac82-e788c4fe583c,0,1,0,1,0.0
06ed7f2b-8ba1-543f-b984-cb58261fa517,0,1,0,1,0.0
f6a1fbe1-f3d3-5880-93dc-48f0bca8b907,0,1,0,1,0.0
0713de7a-7ef2-58b0-a721-e023440588c1,0,1,0,1,0.0
07183a38-ee4e-5891-b335-0fcbfc21d806,0,1,0,1,0.0
f66e2e51-b25c-5f60-9eb3-6e25c9399ea2,0,1,0,1,0.0
074fd59d-531b-5158-ad17-b17585a1a033,0,1,0,1,0.0
78e87bbb-85e0-59cc-a8a7-6fc0cfddcb29,0,1,0,1,0.0
078998cc-99fb-5f57-b8fc-b400ebdc718b,0,1,0,1,0.0
07ac84da-289c-5de8-b913-79dcd45d28c1,0,1,0,1,0.0
f74f4ef5-a0f5-5d97-8303-eace4d7e4e5a,0,1,0,1,0.0
787f52cc-bc7a-5edd-ad56-b814e9cdad1b,0,1,0,1,0.0
f2f6e042-80c7-56d0-89bb-225b612bd816,0,1,0,1,0.0
f7d4685c-9503-5c76-862e-0f07d1349982,0,1,0,1,0.0
f96c8032-3adb-5ceb-b9e8-43147babe38d,0,1,0,1,0.0
74a36b83-6869-50e6-889a-535ecae8de59,0,1,0,1,0.0
04f624ee-20ec-5cf5-b34b-cc8385ff571b,0,1,0,1,0.0
f93307a7-e94f-52f9-9e48-5e2fd0a774bf,0,1,0,1,0.0
f9202787-73c0-5fdb-be90-400a736ca8e5,0,1,0,1,0.0
f9173873-0c20-5639-a366-debb0d51b6a7,0,1,0,1,0.0
780cca9c-70ee-473a-9eff-ab4573313916,0,1,0,1,0.0
0516d121-7425-5991-8a84-5f7c584c2b46,0,1,0,1,0.0
055ace7b-ed80-59f7-a9cc-53af326a1d30,0,1,0,1,0.0
78434216-975e-5ba7-b3f6-3580a8e69d86,0,1,0,1,0.0
0572dd9a-eaed-5e24-ade0-29a63fa9ffa6,0,1,0,1,0.0
f8a84b6f-049d-5ec9-b6be-661575222993,0,1,0,1,0.0
0579621b-9988-525d-b36c-c7d9753d2165,0,1,0,1,0.0
058e20ca-51ba-5ca9-9667-9e6de1468782,0,1,0,1,0.0
05a4373a-3bfb-5479-a567-80a1c967c437,0,1,0,1,0.0
786a92ea-2110-5200-8f3d-32df4e50a6fb,0,1,0,1,0.0
05c2f363-dd71-507e-83f7-15fe6c966547,0,1,0,1,0.0
f7e07397-a2df-531c-b8eb-5034d0a763f8,0,1,0,1,0.0
f7d7a3fd-e0dc-59dd-8fe6-05aeddc3e27f,0,1,0,1,0.0
f62360a6-175f-5277-bebb-8cb9140f6c7b,0,1,0,1,0.0
f6074891-7a12-5ecc-aa2c-7e309826ce84,0,1,0,1,0.0
07c37ad6-0fcf-4973-87ea-b24a0458b6a4,0,1,0,1,0.0
080c82b4-c894-5646-a550-7e0d3690e481,0,1,0,1,0.0
092f3f6a-e6cc-5370-8da3-0ff2db991bd5,0,1,0,1,0.0
f44cb071-4a0a-50ca-91a7-27b574715cc3,0,1,0,1,0.0
f4279a1e-9040-5e07-a45f-1ef4538f0d69,0,1,0,1,0.0
f41feccd-1ad3-506d-9ce3-f576d46218ba,0,1,0,1,0.0
f414ad30-d4b6-5def-88bc-78a4130202f7,0,1,0,1,0.0
f3ea9a2f-c75d-54b8-8a25-529a7db4ae75,0,1,0,1,0.0
796a7897-8347-5dee-8d27-7c4f49889173,0,1,0,1,0.0
09935eb0-8b61-5da4-9a89-4b0206221b70,0,1,0,1,0.0
f3a657c2-803e-5501-a75d-e6b022fe950b,0,1,0,1,0.0
741bff87-0347-5e1c-8e74-72fa343939e9,0,1,0,1,0.0
f3713cc5-6cbd-5373-9127-405a17f3c0dc,0,1,0,1,0.0
f36164be-2b9c-5d35-8913-ac5894866d0d,0,1,0,1,0.0
f348ebb1-b89a-58c1-829c-63435724a507,0,1,0,1,0.0
09a02366-48ab-5ec0-a659-5caf35124cb8,0,1,0,1,0.0
79aa90e7-cf12-54d7-92e5-85b9abff73f9,0,1,0,1,0.0
09d5b9d3-078d-55b4-b00a-04cfa515f666,0,1,0,1,0.0
f32889da-7d23-54fa-a0f5-4868f93d9f00,0,1,0,1,0.0
09dde334-b02f-5281-a44c-37a8ca6f777f,0,1,0,1,0.0
0a010729-2768-57bf-a1ba-d1465c911329,0,1,0,1,0.0
09051a6f-4f4a-536b-85bf-224fda13ea09,0,1,0,1,0.0
f4791bd9-ba82-5884-ac4b-4c67b6446238,0,1,0,1,0.0
7421d95e-e2bc-5a56-9f97-9bdcee0075c0,0,1,0,1,0.0
f558be12-ac8d-5bdb-84a5-6d4485407e36,0,1,0,1,0.0
f5cec6c2-fdc1-5b7f-b23e-3bc18ff8f9a4,0,1,0,1,0.0
f5bb350a-d7bf-58c3-b5e2-d55ed742d1bc,0,1,0,1,0.0
08171a26-1d21-5701-9bf4-7521d36dceab,0,1,0,1,0.0
08258645-f7cb-5974-9a4d-feed35311086,0,1,0,1,0.0
746a275c-a588-55db-90aa-9e9895286efc,0,1,0,1,0.0
7902b76d-0d7f-5d59-9047-802615486604,0,1,0,1,0.0
74576263-a663-5d46-85d7-38acab8c4208,0,1,0,1,0.0
08b37b87-37e2-5dd6-82f8-0f1fb99c00cc,0,1,0,1,0.0
08b78b4e-08df-5e7d-8e02-d9cc0fdc478b,0,1,0,1,0.0
f4904a87-f629-59f2-babe-5cffa8adfb8a,0,1,0,1,0.0
f551b0e1-2ae3-4191-948d-609d09c805c7,0,1,0,1,0.0
f535bf21-a71f-5ffe-9be9-57d3f24a809d,0,1,0,1,0.0
792a7976-a56c-5953-a4e5-123064ce24aa,0,1,0,1,0.0
08e3fb2f-4b20-5403-a814-6aab82ff481e,0,1,0,1,0.0
744c7bea-3bcb-5152-aa13-9257635da288,0,1,0,1,0.0
f4d7e820-5b81-536d-b189-fbd37b9b83c3,0,1,0,1,0.0
f4b9be5a-4a13-5384-a1ef-092961f6efb8,0,1,0,1,0.0
f4b90d52-5edc-577d-b0d5-89bfd560b542,0,1,0,1,0.0
04a860d7-da8f-5c87-86c1-a0ca6a58d8ea,0,1,0,1,0.0
04770790-8540-567f-be1b-8d1277b7fb0f,0,1,0,1,0.0
f9aa0f30-3769-5e5f-b4e7-d678b13733cf,0,1,0,1,0.0
75851080-5d5d-5f0a-a3e2-33c4ba970c88,0,1,0,1,0.0
fe702de0-6459-5906-b473-bfc833d12ffa,0,1,0,1,0.0
fe57740b-7668-5a07-9c5c-4d4b93230589,0,1,0,1,0.0
fe510217-1684-5708-a73c-70e97aed7b98,0,1,0,1,0.0
76037f61-2a68-46e3-8e29-b1cdf6c23c92,0,1,0,1,0.0
fe378f69-c793-51dd-8566-b3761e70efaa,0,1,0,1,0.0
fe36065e-9088-564f-a061-3bc9ed184e5d,0,1,0,1,0.0
01795bee-0f1a-5546-966e-37ca523cf216,0,1,0,1,0.0
018060f2-f1ad-5773-a70f-e25c18c751bf,0,1,0,1,0.0
fdf8b724-451b-527d-83f2-d51786691266,0,1,0,1,0.0
fdf5f205-22c2-5efb-b74a-275f3a333e52,0,1,0,1,0.0
fda88688-bca2-5d47-86c6-77b59cf96582,0,1,0,1,0.0
fda738fd-0e52-52f0-ab21-b864e5d26f33,0,1,0,1,0.0
75b80f33-6751-53ce-bd7b-ec2aa22f058c,0,1,0,1,0.0
7721633b-12c2-516b-8fa1-c86bdd6fb21f,0,1,0,1,0.0
01ba0e37-4a2c-5bba-9c74-e5968cf1bcbf,0,1,0,1,0.0
01c8115d-8aa7-5b47-adb2-e0811c7a5382,0,1,0,1,0.0
75b0d3af-f03d-5a98-97b1-7f28dd2362c0,0,1,0,1,0.0
fd078d1a-0bf5-5ff2-923d-bc88ed624ca9,0,1,0,1,0.0
fcf6fd71-7960-5f55-bbc9-3b11120fb245,0,1,0,1,0.0
fe86ef18-76fd-551f-863c-851ea568a974,0,1,0,1,0.0
76e6133b-9567-50a5-86ba-a7b950f90f20,0,1,0,1,0.0
00c94e69-5d33-5042-b689-6c309188f2b0,0,1,0,1,0.0
0062d109-f6f4-5637-8731-8ce38362c113,0,1,0,1,0.0
0018cfff-50a1-5984-9715-01ef2d11a49a,0,1,0,1,0.0
0033934b-5d16-5a06-af58-d087bcdd3680,0,1,0,1,0.0
fff4e5f0-4ee5-5fe7-aa30-e870edaf6ed7,0,1,0,1,0.0
0034d6cf-3bd8-5ffe-aafc-b3959fc48608,0,1,0,1,0.0
ffeafbfb-28da-58a7-9933-d2204848c47c,0,1,0,1,0.0
ffe057fd-bc1b-5e12-bca2-7d2d2786facd,0,1,0,1,0.0
0038ff20-1ef7-5846-9f1a-4012fdf24da7,0,1,0,1,0.0
761e33e9-1f83-5ce2-a00b-cd579ff2d5c0,0,1,0,1,0.0
ffc3b266-3736-59d0-a665-8d3f7d7bb3dd,0,1,0,1,0.0
fe9071af-6dd3-58e4-b3cf-b6e8cd818318,0,1,0,1,0.0
00633299-125d-5d5c-a081-3b2cc4d89ffd,0,1,0,1,0.0
76abc9b2-1087-5890-8fc1-452d8c3ba6a3,0,1,0,1,0.0
0082d7e0-62b8-55d6-ba4a-43bcea5ee0c8,0,1,0,1,0.0
ff685183-215d-4729-9429-80f087eb6ce8,0,1,0,1,0.0
009669e0-3fa8-5db7-9cc6-a46c1aa182ed,0,1,0,1,0.0
ff50d894-59da-50f8-93da-0fc448702760,0,1,0,1,0.0
76ba6b23-5723-5311-980c-cac99c195cef,0,1,0,1,0.0
ff1ec49a-c80e-5bd3-aee3-ac51992b2b63,0,1,0,1,0.0
fcf2741d-6145-5596-97bf-ed0a3b0d97a6,0,1,0,1,0.0
022966f8-e7ec-5e68-9105-b0273dbdc6c5,0,1,0,1,0.0
f9e6a5d0-49bb-5a5b-bd02-74bae150341d,0,1,0,1,0.0
fca31e30-bcf1-539b-9327-54177891f367,0,1,0,1,0.0
fb5a80ab-3ff9-5db4-b88c-629d7a631770,0,1,0,1,0.0
74e36a10-74fc-5377-bf40-25b80f907862,0,1,0,1,0.0
fb424675-0449-5de4-96bd-b01f76a9b82c,0,1,0,1,0.0
03d99b3b-9086-5052-879d-b66d919c17cc,0,1,0,1,0.0
fb24f83d-c083-5f6e-aae5-cf0560631634,0,1,0,1,0.0
74cd99a9-2b99-53f4-bc0f-28d1e3727727,0,1,0,1,0.0
fad17e3d-d6eb-5774-94fa-ebf37d9cfd0a,0,1,0,1,0.0
facc7ea8-51c0-53e3-a67e-fc0c4e8c670a,0,1,0,1,0.0
03e340ae-7d29-5d10-9d33-7827e7c7ee10,0,1,0,1,0.0
04065f98-d041-5dfe-9e7d-0de9f871664a,0,1,0,1,0.0
041f6e74-466b-58e2-9903-b4ebd41fd8b1,0,1,0,1,0.0
77fde085-98bb-5952-8d48-fbb1cc760445,0,1,0,1,0.0
fa61fd7f-ff25-5b23-a916-d8ca25255ecb,0,1,0,1,0.0
fa25ae6a-6df8-52a4-ba12-e9673dc5a551,0,1,0,1,0.0
fa25786d-851a-5503-aafa-8bc89aceca59,0,1,0,1,0.0
fa1e08b5-1f4e-4553-b710-d269382b9493,0,1,0,1,0.0
fa14aebb-c2fa-58a7-8594-000821f3ffba,0,1,0,1,0.0
04541a63-2632-48e9-9629-0f05049a0828,0,1,0,1,0.0
0465b26d-156f-56c4-8501-83d32168e809,0,1,0,1,0.0
03a350f0-c2f7-5395-ac74-2db876419800,0,1,0,1,0.0
0397d5ce-ccbb-5523-aa17-d2779a144eb4,0,1,0,1,0.0
779c01d6-dade-54d8-8f65-ca6b4893d4ab,0,1,0,1,0.0
02cc060b-d46b-5d4e-9103-d115063bc7ab,0,1,0,1,0.0
fc9ccf02-6746-5937-b8a0-fd8a1a81c23b,0,1,0,1,0.0
02683364-651a-51bd-8b12-41814f27231f,0,1,0,1,0.0
02840c62-a52a-5ed6-bb0f-58e69cdf5f19,0,1,0,1,0.0
028d837f-10e0-56b8-9a00-f692e9e8eae0,0,1,0,1,0.0
fc861241-0c4e-454d-a136-5d6a66193b55,0,1,0,1,0.0
029dc85e-db04-5135-8bf2-4bf4ee334479,0,1,0,1,0.0
774918d3-ad38-5e5a-8729-1f63dabe10cb,0,1,0,1,0.0
fc37941d-1bdf-52e1-a572-1058ff4e7e82,0,1,0,1,0.0
02db2e66-54db-5e32-a694-f9fb35edf4b2,0,1,0,1,0.0
fb734bd4-6cf1-5339-b9f1-d095e9b338a4,0,1,0,1,0.0
774ec61c-93ed-51ae-9aaf-e34106fd92ef,0,1,0,1,0.0
75621218-3662-55d2-80e6-5c92a7dea9c8,0,1,0,1,0.0
775de958-4e0b-5580-82ad-c41446a7ba25,0,1,0,1,0.0
7554a9d4-e23b-5065-917b-7a485f2c0071,0,1,0,1,0.0
778a84fb-966e-5a14-945a-a2ada0584bb3,0,1,0,1,0.0
fbd5ffaf-5ee1-5d8b-904c-ce05600c969d,0,1,0,1,0.0
03534355-73d9-5d36-bd79-1cd4c2ceb16b,0,1,0,1,0.0
fb963905-5cc3-5be4-b47a-7c9a6d5ed061,0,1,0,1,0.0
f2fc4f1d-6fd6-523d-8dcf-7500f0eb78e0,0,1,0,1,0.0
0a08eeff-b3e1-5c4a-b3a3-c94b780030a0,0,1,0,1,0.0
7dceb054-a5cf-5539-bd40-56e1c1cf9f16,0,1,0,1,0.0
11a3bc58-10b2-5851-89a2-4aaa10c2cda2,0,1,0,1,0.0
11ad71bd-34fb-5ea2-bca1-532f5041f304,0,1,0,1,0.0
11b6b30f-9972-5270-82ff-85f3db947857,0,1,0,1,0.0
ea3728ee-d062-592a-84fe-873c716658e3,0,1,0,1,0.0
70f6d739-44dd-5bff-985c-746bc0cb94c6,0,1,0,1,0.0
ea1827c6-2fa2-4a2f-aa7a-8f4f63d4470c,0,1,0,1,0.0
ea000009-ca8b-59c5-afcd-ac90738db1e0,0,1,0,1,0.0
70e956cb-ee39-5fa2-980b-7d6e1ac5b68a,0,1,0,1,0.0
7cbdbe48-3695-50f8-9ea8-ad32a608b190,0,1,0,1,0.0
7cc0f044-b064-51d5-bf6e-ecfdae2a052c,0,1,0,1,0.0
7ccea3cd-4b4a-54f3-8084-eee3e298b1a5,0,1,0,1,0.0
70dceeff-a6fb-5f1e-aaae-a9d0bd00b405,0,1,0,1,0.0
e9aa7f8d-8984-55a7-bf3b-d23306d24ccc,0,1,0,1,0.0
e9a71280-c3f7-5b38-b878-a41aa444f72c,0,1,0,1,0.0
12468517-71ec-5705-8ca7-82c917a393e4,0,1,0,1,0.0
e95e7b1d-8468-5885-9755-37d4d385de83,0,1,0,1,0.0
125d059f-d127-5365-a49d-1c17c86198e3,0,1,0,1,0.0
12611df2-9d21-5277-b927-0caa1dd0920b,0,1,0,1,0.0
7cedfe6f-51c9-514e-a2cf-b7c9b5fede43,0,1,0,1,0.0
70d6af7d-25c6-5dc8-8565-fc60a99d55e7,0,1,0,1,0.0
713966c5-c930-5a73-84ea-4e7a60936ffb,0,1,0,1,0.0
7c7b0517-fcee-583f-8972-1a4f5a7c2e4c,0,1,0,1,0.0
79c27469-e4f1-5910-9eb8-18199ca5e139,0,1,0,1,0.0
7c71e238-2333-544f-9e58-907e944bc6fc,0,1,0,1,0.0
ebe30784-2d40-52c1-83c3-7ca5d07ffe57,0,1,0,1,0.0
10a3c09c-0e25-54e1-bb9a-d4efe504f6b4,0,1,0,1,0.0
ebaaa4ed-9dfd-566c-b899-4d94990cf3c9,0,1,0,1,0.0
eb99cbc8-fcc6-52dc-889c-f5ea6a5fc531,0,1,0,1,0.0
7bbccd76-1cb9-5767-be80-37f4a96895ca,0,1,0,1,0.0
eb8ac1a9-9e88-496c-b490-08a3bd20f322,0,1,0,1,0.0
11198d07-e789-5135-bc37-ed02cff8e5e8,0,1,0,1,0.0
eb846d7a-5021-5044-924e-562165965aba,0,1,0,1,0.0
1122aa01-cb77-54e3-aa6e-46a6af7e76c8,0,1,0,1,0.0
71badc76-238c-5bfd-afa0-61cb4f434c99,0,1,0,1,0.0
71b2530a-8bf3-5a91-8a29-f369219f80b6,0,1,0,1,0.0
eb1f1803-0a41-57ea-8a3a-d4fa686475e7,0,1,0,1,0.0
7c15cd57-4111-56a7-9421-bbf67be066e9,0,1,0,1,0.0
714a7b82-0c19-5b55-9a1c-31c2c4bb8efd,0,1,0,1,0.0
eb0012a4-11ae-513e-a544-cf238a898758,0,1,0,1,0.0
7140e06c-ae45-555d-bc0f-9922d5e56eee,0,1,0,1,0.0
11716deb-e562-5f00-bdd6-5ff1f99e8526,0,1,0,1,0.0
1175722b-3bda-56c3-b3cd-427464f2dd35,0,1,0,1,0.0
7c58f591-401b-585b-8069-db70ab8240cf,0,1,0,1,0.0
e9385051-e0e0-5d42-924f-269a8291ecd9,0,1,0,1,0.0
70d29b48-a8ab-59d6-a691-e0a772d44f28,0,1,0,1,0.0
12e51148-762c-593d-8711-db40db5efcfa,0,1,0,1,0.0
e924959f-182f-4e6d-9144-a1f8a8276264,0,1,0,1,0.0
146a6f54-5be7-59c9-95b6-d33608708b81,0,1,0,1,0.0
148a15ed-5d8b-557c-9280-b2a5ec07435f,0,1,0,1,0.0
e7c398ac-fba4-5f37-8460-fcf43b88a547,0,1,0,1,0.0
6ffada9d-1447-5b3d-a0b9-2d2f159cfd93,0,1,0,1,0.0
14a3f62b-ca69-5422-bd2e-3e02a67f5944,0,1,0,1,0.0
14cf885b-7a55-5cf7-baf6-7df55ba6b675,0,1,0,1,0.0
e770cf45-07ca-52b7-85a2-bb554c4145fe,0,1,0,1,0.0
153fb32c-e354-5e29-9354-887b1e1daa5e,0,1,0,1,0.0
1558bdac-4fd9-5636-800e-15c6d04ed1e2,0,1,0,1,0.0
e73d0600-8f2c-54d9-8167-8336210830a5,0,1,0,1,0.0
e72c0a7a-4fae-4deb-8832-ec7b80a00ce4,0,1,0,1,0.0
6fa1d709-b9c1-4e21-9379-08609a4a7937,0,1,0,1,0.0
e6db047e-d5a3-5d70-b423-5c8333610eea,0,1,0,1,0.0
e6d4d0f8-7fdb-5348-ba5b-d8ad0483273d,0,1,0,1,0.0
1596bb42-8efa-5a67-adcc-abbaca766824,0,1,0,1,0.0
e65314c7-3397-53bb-a04b-302521024439,0,1,0,1,0.0
15afbc86-4c22-5013-b506-827abd7c7e6d,0,1,0,1,0.0
6f827b67-56f9-5ad7-9470-ed81ae9b847b,0,1,0,1,0.0
7dc7f50f-94ef-5923-9289-fc12a88444d8,0,1,0,1,0.0
70568d1b-81eb-5f7c-aac6-4b9f7bd907d0,0,1,0,1,0.0
14311ab8-7f24-5cb3-b735-45a8c7e9f1f2,0,1,0,1,0.0
14109b4b-9476-4ea1-a864-589f0e981066,0,1,0,1,0.0
7d396e41-ef99-5f98-92a0-54b7bed88833,0,1,0,1,0.0
e91c9304-ff59-5db7-beb5-8f967c02c824,0,1,0,1,0.0
70d1a592-89e5-5a76-81cd-51f3cf3292c3,0,1,0,1,0.0
12ed91bd-5f75-5b40-ba52-3a9a1aa15c62,0,1,0,1,0.0
1313d734-4d50-5b04-80ed-e01000a5ec6c,0,1,0,1,0.0
e8da2fd7-bcb5-57e8-988f-bdb9144661fb,0,1,0,1,0.0
1317820e-9641-5f73-8c61-506a1007d5ac,0,1,0,1,0.0
e87cb104-fb47-526c-bb49-2657171818a0,0,1,0,1,0.0
e87a9b8c-dc03-56bb-bcee-a0da9f1478b3,0,1,0,1,0.0
e8662792-0889-5893-bb4a-72cd2603d861,0,1,0,1,0.0
e801e3d1-92f6-5ad3-a3ff-c17f52616897,0,1,0,1,0.0
1364a2c7-b469-507b-9ecb-07a8f2825a29,0,1,0,1,0.0
e84d20d7-7d5a-52c3-ac2e-a5ee41d586cf,0,1,0,1,0.0
cf7484e7-d24d-41da-ba10-d5bb375fd416,0,1,0,1,0.0
7d80177b-a0e3-50e9-8f8f-daf416be9b76,0,1,0,1,0.0
13e148c8-4897-52db-b7f5-87151d32b98d,0,1,0,1,0.0
e82835f1-6010-5f04-9d70-14d045544b19,0,1,0,1,0.0
e82057cc-5227-5188-bd84-a248c79ab4a6,0,1,0,1,0.0
1403b8ad-ef6b-55c7-be63-38700065addc,0,1,0,1,0.0
10836d9d-9507-5283-bc37-174acb3ef707,0,1,0,1,0.0
ebe9dea8-e19f-529b-abd6-7b7492cf0bc8,0,1,0,1,0.0
ebeea9ac-0373-5b2a-8b9c-b67a248fe2f3,0,1,0,1,0.0
0c9b046b-f8fe-5736-aa94-f92e35cdf00d,0,1,0,1,0.0
f0c4bc44-0855-59b4-9596-af3cc977d99a,0,1,0,1,0.0
f0ad6cf7-21fa-5852-9836-281e407237e3,0,1,0,1,0.0
f0acf2db-ee29-5261-8022-537cde28b834,0,1,0,1,0.0
0bc03e0f-013a-5cc2-a7b2-d7ec6611635b,0,1,0,1,0.0
0bc1badc-2feb-56f4-af11-3a2e94a58e62,0,1,0,1,0.0
0c0b9c4d-3c75-53c0-ad2d-fdc8240efbe5,0,1,0,1,0.0
f069c7e4-0aa7-58da-bdc4-f5d26852045b,0,1,0,1,0.0
7aaa8bbd-592d-5b96-8de9-81ef4023196b,0,1,0,1,0.0
f042ff1a-d3d5-5507-91a4-2c2476c33b9b,0,1,0,1,0.0
f0324156-a83a-5e88-b5ad-66a41a978d5a,0,1,0,1,0.0
f00e5d24-5472-5bb2-88ba-e623034dcce4,0,1,0,1,0.0
efc7ddba-049c-5464-90d1-da8bb33271b3,0,1,0,1,0.0
7ab6b0c8-00ba-49d6-a49a-4815b76eb81a,0,1,0,1,0.0
ef94012e-83e5-513a-acc7-0b17d941c0f5,0,1,0,1,0.0
0c54e91b-7a33-5a43-8863-433e39cee580,0,1,0,1,0.0
0c6c5d24-1176-5de3-8f8c-078d2408bc77,0,1,0,1,0.0
ef667c13-813b-552c-a74f-20b554dff85b,0,1,0,1,0.0
0c70f373-54e6-501d-9c08-7209a652cd8f,0,1,0,1,0.0
ef3ef33d-a4a3-5dc4-bdf4-c6352e887a86,0,1,0,1,0.0
f0db3389-9f36-5ccf-b028-d362c0cda7fc,0,1,0,1,0.0
f0e4b8dd-965e-530b-9c7e-67f325de82b4,0,1,0,1,0.0
0b8caa1c-222e-503c-af41-8a65256bf2e7,0,1,0,1,0.0
f240a1da-1079-4912-bf59-372e2f2799d7,0,1,0,1,0.0
79ca3fee-0782-57b3-ae65-8eec1a1236a5,0,1,0,1,0.0
f2bb8cce-6915-5331-a0f2-c91ead6a4e15,0,1,0,1,0.0
0a7d5256-c960-55af-a54e-b3ef464b7a4e,0,1,0,1,0.0
0a8c72d7-a811-554d-9fa2-30a0373b94f7,0,1,0,1,0.0
79f5b3ff-3de7-5a3f-be3c-9c1e51f8106a,0,1,0,1,0.0
f29a8dfe-962a-5967-924e-195b7c1fdf86,0,1,0,1,0.0
0ab1a8fc-84ee-5cc3-b3f4-22f3e3f7baab,0,1,0,1,0.0
7a398c58-bea1-58da-977a-5c08b4180ec5,0,1,0,1,0.0
73c8fb57-4d21-516e-a4dc-2d1f661dd9e8,0,1,0,1,0.0
f0fd8244-2233-50ad-85af-2468f0810c4a,0,1,0,1,0.0
f216a24a-2fb3-570e-906e-48eddf0a69af,0,1,0,1,0.0
0b13a90b-efc9-57cb-b50d-510c80cf089b,0,1,0,1,0.0
738d8908-3635-59f3-9598-d633baca3113,0,1,0,1,0.0
f1ba067a-82f8-55db-95dc-a84c57f5ae9f,0,1,0,1,0.0
7a79cbe5-0a33-54ed-8309-e3b3a7d8887e,0,1,0,1,0.0
f156903d-aa57-5048-996e-5adbd76dcbac,0,1,0,1,0.0
f1346fb0-07c6-5aa2-9c2e-1ed65a10bade,0,1,0,1,0.0
f12a96fc-c399-5e04-a1e8-2c5b8ac92297,0,1,0,1,0.0
ef23f4df-6373-5cdc-80b9-b0a70898520a,0,1,0,1,0.0
0c9cf09b-aa83-555a-ba52-abc16a1e6041,0,1,0,1,0.0
ebfae654-a80b-5b01-a116-43ce9e3268d9,0,1,0,1,0.0
eef489e4-47ad-5dad-be18-6f8901ec6020,0,1,0,1,0.0
0f12a6a3-01dc-51f0-87a2-901b11a5a36b,0,1,0,1,0.0
0f14001f-7a59-52bc-8c90-acca7423465f,0,1,0,1,0.0
ed0d9151-3771-58a6-89ea-5095e39b0fe2,0,1,0,1,0.0
ecf8c48d-7e82-5ac0-a94e-b5bb6a33a9e8,0,1,0,1,0.0
0f523018-5ada-5de6-b91d-3e2bf6be0226,0,1,0,1,0.0
0f5e2c07-f50f-5a15-9c96-778cadba08c6,0,1,0,1,0.0
eca76685-ac66-5154-9c9b-0c2c32088b0b,0,1,0,1,0.0
0f6c070c-6353-5fe7-b799-3ef947cd7426,0,1,0,1,0.0
7243ffab-d941-5cad-847f-d3af1b931948,0,1,0,1,0.0
ec8d69eb-beef-5cd7-8431-0f6a2e87812e,0,1,0,1,0.0
ec829d7f-ed0b-5efd-9af0-b70043de1fd4,0,1,0,1,0.0
ec60cdd6-3273-5a0c-bbba-13b8781c2d3a,0,1,0,1,0.0
0f99c9c5-daa9-5d54-809b-17699e68ff2a,0,1,0,1,0.0
722ad0be-cbe3-5d3b-9130-d7e63d3f5948,0,1,0,1,0.0
ec515759-da8e-50e4-bdad-cd00f3fc2e95,0,1,0,1,0.0
0fc099cc-1c24-53ed-8d6d-da483565cf56,0,1,0,1,0.0
ec3bb665-103e-5773-acb4-cd3b9becb487,0,1,0,1,0.0
ec36ba31-3314-453f-96eb-be1f3a0c7e3f,0,1,0,1,0.0
0fe91fc4-1d77-510e-8fdd-f278156c26a5,0,1,0,1,0.0
0eb98bb7-3856-59f6-bb3c-d424e896c2f8,0,1,0,1,0.0
0e745d78-867e-5077-ae85-833cba986800,0,1,0,1,0.0
edbd01ab-4211-5f09-b65e-6c9efdf64bbc,0,1,0,1,0.0
ee2c1cf1-cbbc-508a-9076-38fcd28c8eca,0,1,0,1,0.0
eedbb60c-f738-548f-b496-157cfbd5195d,0,1,0,1,0.0
eed89fd6-aff7-5547-a753-ec9a09487c8e,0,1,0,1,0.0
730526d8-ba53-57e3-8b15-e4ec317159bf,0,1,0,1,0.0
eeb8096a-34e0-5a1e-ba07-5135e0b0df94,0,1,0,1,0.0
0d3f3d8e-f63d-533d-8e2b-c6ba5beb8c39,0,1,0,1,0.0
ee9c1e63-7c93-50a5-9d7e-a21fda739b2e,0,1,0,1,0.0
72e28099-8a29-59e4-a16a-8599647faeaf,0,1,0,1,0.0
0d67f2d3-0711-5c22-8d50-584f10787ca1,0,1,0,1,0.0
7afc8c93-8d39-5cea-9eb9-f12de3348dac,0,1,0,1,0.0
edc4242a-f831-550d-8273-1457605de411,0,1,0,1,0.0
72b4835b-0d6a-58e6-bdf4-4b6125d8113b,0,1,0,1,0.0
729e644a-dc2a-5150-8cf2-8a3f51b1a01a,0,1,0,1,0.0
728768e1-b54a-5622-87a3-2edfa74f5570,0,1,0,1,0.0
edf2451b-45d8-5707-b156-bddd00c8bdaa,0,1,0,1,0.0
7b40e459-1eea-50ee-ba7e-efd954ef80d7,0,1,0,1,0.0
edd9aa8c-f71c-5d3e-8a4c-4a2a18497591,0,1,0,1,0.0
edd5cc3a-765f-5a28-a605-10140ebd8184,0,1,0,1,0.0
edd2a0cc-5c7c-5694-99fe-38ed0d19abb1,0,1,0,1,0.0
85d11907-fa5d-5cc4-99ea-ae11db094fb6,0,1,0,1,0.0
2c18579b-8a41-58fa-9b2b-dc0ad6b5d491,0,1,0,1,0.0
cf5acc15-f4f9-5d5e-aa9d-4df00cf2bc94,0,1,0,1,0.0
4d4bf6ba-1eb7-5e52-8fa6-2112ba8af2c5,0,1,0,1,0.0
4c4e0ad9-69ba-585a-8ee0-0c19c90a5adb,0,1,0,1,0.0
a9e74317-87ce-5b80-8f70-a062b3fdf331,0,1,0,1,0.0
8fa8acf9-5d38-5aad-8b89-12e8065f32e0,0,1,0,1,0.0
62ab163b-47f4-5255-8ce6-fe7bdde2368f,0,1,0,1,0.0
629c04e8-8830-5654-8ac3-e5350d0a4c6a,0,1,0,1,0.0
6299a442-c247-5fee-bac1-b265f9b4c611,0,1,0,1,0.0
a98bfeb0-79f9-5fbc-ade9-f19fed8721d8,0,1,0,1,0.0
a96dacc7-1a44-5bf9-943f-dc57f14717ff,0,1,0,1,0.0
4c95f8bf-cb7d-58ed-b367-fca2ffb06e7e,0,1,0,1,0.0
a94cbcf2-db56-5344-92a7-08f9004462b0,0,1,0,1,0.0
4cc3457d-8aed-5d37-9c0c-c1c04667923a,0,1,0,1,0.0
4cef995e-c6ba-53ea-9bbd-2a0830742086,0,1,0,1,0.0
a8f6b4b4-a0c7-42e9-a9e4-69b8963d9ebc,0,1,0,1,0.0
4cf4d235-3d5a-511f-ae82-b394c5d6fbc5,0,1,0,1,0.0
4d0e2b40-5d5f-5c0e-aa7b-ffb1cc759fc0,0,1,0,1,0.0
9005b3e6-f40d-55a6-9a30-f71bf9e962fb,0,1,0,1,0.0
a8b10c84-181b-58a5-837b-c2fc27a34fce,0,1,0,1,0.0
4d2db293-219d-59f4-bfe2-df6f188dfdc2,0,1,0,1,0.0
a89b19ed-a083-4ba5-95c3-75c685e9b221,0,1,0,1,0.0
4c485908-6c8e-46b1-a933-a24a18c602b1,0,1,0,1,0.0
4c24e1f8-7797-546b-828d-4da289efe855,0,1,0,1,0.0
4be66899-0382-5f91-8ab5-5dbe42090d3e,0,1,0,1,0.0
4b136ff5-b368-53b0-a870-1653bc615d6c,0,1,0,1,0.0
630974db-3090-5f0c-b626-2c3ab28a4b20,0,1,0,1,0.0
ab4e56d2-b4d7-555d-a7e2-75cd43b8ea5c,0,1,0,1,0.0
8f14bc9f-13e7-522a-98c1-1d8b56d17807,0,1,0,1,0.0
ab1590d2-f80c-53f0-92e6-ac1146d1ad19,0,1,0,1,0.0
62f9b137-274f-5300-a349-778957a68ffa,0,1,0,1,0.0
8f3c28d3-5a64-53a7-bb2d-7ca8f22a5662,0,1,0,1,0.0
aad798f3-cf0e-59b0-bf70-d0fc3f92f334,0,1,0,1,0.0
8f3d6c44-e0f0-57cc-9e08-78e700547455,0,1,0,1,0.0
8f750766-d862-52c7-a74d-6920e2eb44cb,0,1,0,1,0.0
62ba5fd4-400e-5365-9773-951a77d13161,0,1,0,1,0.0
4b56ad47-870c-5421-9b6b-eaa821b4d321,0,1,0,1,0.0
aaab07c0-5c63-4b0e-9acd-eaf57e4bbfe0,0,1,0,1,0.0
62cbea3e-d780-5a9e-9156-1e411c6f7fa4,0,1,0,1,0.0
4b7db2bd-2cdd-5cfc-b509-4aa46f0384c6,0,1,0,1,0.0
aa4b738f-ce86-5309-b07f-01796082b127,0,1,0,1,0.0
4ba308c0-5e94-52fe-ae51-212602b8cefa,0,1,0,1,0.0
aa36e6c3-35d4-5bc5-b4e7-16fa12c1fe74,0,1,0,1,0.0
62bf752a-e5c6-520b-83f8-86d7d500076f,0,1,0,1,0.0
a8892037-9c58-58ef-bbc3-333c991a185f,0,1,0,1,0.0
4d529bc0-e796-5eb3-b05a-45d725f3a1ed,0,1,0,1,0.0
631044d3-ac1b-5a8a-a069-258b7d72d1d0,0,1,0,1,0.0
a85720e1-eff2-5a0e-8a31-b56c886bf2a5,0,1,0,1,0.0
a6808a33-d520-5773-ae84-78b5c140cdca,0,1,0,1,0.0
4fcdc867-ac7e-517f-8c09-c8d89f7ecaea,0,1,0,1,0.0
a6506d85-34dd-5ff0-b86f-e5b6003230ed,0,1,0,1,0.0
a64bdd3b-c946-5fbc-afde-f9a2fb13980b,0,1,0,1,0.0
a64708b8-f621-5366-a28e-aecb9281bdb4,0,1,0,1,0.0
4feee7ce-af11-5bb8-ad89-be632c176b2c,0,1,0,1,0.0
a62c552b-5838-5610-ae3d-da89d3316f20,0,1,0,1,0.0
a62bed1d-55f7-5bcf-9416-0147e77f6ddc,0,1,0,1,0.0
616b895d-ab36-5dc7-be18-ab161003249d,0,1,0,1,0.0
a5efb235-3d17-5138-9e43-e8fa85655f18,0,1,0,1,0.0
91991ffc-d920-4c64-bada-559a0b69376a,0,1,0,1,0.0
50041346-b5ce-5f2b-9a5a-a061a56c70b5,0,1,0,1,0.0
50089895-ca7e-53ba-aa67-e830d7e2166c,0,1,0,1,0.0
a5a20661-90f2-5832-805b-e77c1d174395,0,1,0,1,0.0
a57384ea-6a99-5052-90c5-f70b6adf679c,0,1,0,1,0.0
91b7e529-9dc5-5420-9bed-333919f61ab1,0,1,0,1,0.0
614c2eef-71fe-5070-99ac-0cf009f06bab,0,1,0,1,0.0
91dd8238-a712-50ce-b4c3-0d08b5c2d3ba,0,1,0,1,0.0
a50f832e-f505-5c1f-97bc-c3b779235c85,0,1,0,1,0.0
4fca63d3-5c2e-5c8c-b77a-a2207d97d28e,0,1,0,1,0.0
4fa03d21-00b4-5f73-994a-e4c2d6d98763,0,1,0,1,0.0
4f98c8ce-9ef2-5a30-8bff-4dc1bf9bbe0d,0,1,0,1,0.0
4e39a38d-6107-5046-8ba0-6186d1161206,0,1,0,1,0.0
a83a95f7-03a1-50f5-a719-dc8f043c7598,0,1,0,1,0.0
4d7326d5-c461-5d04-abc2-bd661a48ebca,0,1,0,1,0.0
624fbc73-225d-5bee-9fd3-5c802ef4fbc9,0,1,0,1,0.0
4dac7d31-9269-56c3-ba48-69e9ae917faa,0,1,0,1,0.0
9050a846-3f9e-5869-a29a-e571204b5878,0,1,0,1,0.0
6233bcd2-5e4a-567f-8bf4-c1cd6606b9c2,0,1,0,1,0.0
4dfccad6-a8c6-5ca8-a91d-ffc9ce1b1464,0,1,0,1,0.0
a7b383bb-c406-5c86-899f-b8580e596021,0,1,0,1,0.0
4e49e3a2-f738-5b25-aa12-ea3d7694b69c,0,1,0,1,0.0
4f8dd1af-88fc-5def-a37b-8cb3d22d640a,0,1,0,1,0.0
a74b9d13-65dc-5544-8d1a-2f77acf9b31d,0,1,0,1,0.0
a749af86-4e71-52e8-bd92-a3e388add144,0,1,0,1,0.0
61c6a3a4-5e4e-5266-83bf-5f940194c3a4,0,1,0,1,0.0
61c1d61c-fba1-569f-9fa4-c0e64823b346,0,1,0,1,0.0
913584e3-f75c-55b1-a0d3-a112160a3c50,0,1,0,1,0.0
91388151-a4cf-57d8-9198-c311f5164b51,0,1,0,1,0.0
913e1605-d592-5deb-b827-f6d64c2c753c,0,1,0,1,0.0
4ecf0618-3e0b-5327-97f0-8c310ff18c59,0,1,0,1,0.0
4a286027-4f52-5d0c-8cbc-244b6401a16d,0,1,0,1,0.0
49f53fad-5ac4-53ce-9e3e-602418dcd87c,0,1,0,1,0.0
61002602-ee44-52e1-b644-ccb59921901b,0,1,0,1,0.0
af2a9b12-46be-5889-ae7e-cd0840ec20aa,0,1,0,1,0.0
44f60430-da23-5733-a827-af965321da0e,0,1,0,1,0.0
8ded2ec6-45fe-51e6-a596-730d65de49c3,0,1,0,1,0.0
454d5df0-1b65-5cbb-8678-7dd872ba3d72,0,1,0,1,0.0
b030110a-0f2a-5ae2-acb7-ee69abd2036d,0,1,0,1,0.0
8df12d09-9dea-5fd4-90c6-227b4b34bdfe,0,1,0,1,0.0
8e0801e4-c035-53d5-83b9-697c08f854c3,0,1,0,1,0.0
aff442aa-6201-5ca6-a0e7-1a42652894ea,0,1,0,1,0.0
afed7955-7297-5ae2-9f2f-527d7e3b6694,0,1,0,1,0.0
45fcc24e-a59d-5676-9e21-9ac8afbdb5e2,0,1,0,1,0.0
4600db27-9840-57fd-9599-357fc91e17d7,0,1,0,1,0.0
afc7ad58-0d0f-5182-8334-c838414364f3,0,1,0,1,0.0
afba6080-667f-57a0-b830-d25d327c2f92,0,1,0,1,0.0
afba1574-3a09-55e8-bc4e-ad99d9fd30de,0,1,0,1,0.0
af7b2b44-b5fe-5528-8b43-7bfa7b004b34,0,1,0,1,0.0
8e0839c8-90e5-5e42-83ab-8ac25eb489a1,0,1,0,1,0.0
af61023d-1fd6-5a74-bde5-7ac8d7aec571,0,1,0,1,0.0
af60d086-0f72-5c1b-9b68-ac020b0392c6,0,1,0,1,0.0
637b3a51-de1b-5390-80c1-2e499941ab81,0,1,0,1,0.0
46547dac-44b4-573c-baf1-f5dc61982483,0,1,0,1,0.0
44f492d6-95c4-5d9d-a9dd-c8b49194d277,0,1,0,1,0.0
8dbe9903-2168-5861-b6b4-f297fbf1d0f3,0,1,0,1,0.0
b0d53c19-ca03-54a3-a34a-b4b8356c2d30,0,1,0,1,0.0
443d611c-f7cd-5ab7-8c35-5387f9e88bfa,0,1,0,1,0.0
b288b2e0-c714-5326-9d19-ceb2a0938243,0,1,0,1,0.0
43a02741-e8e9-45c5-9c90-ad2802b31df7,0,1,0,1,0.0
b24a8e46-17a6-50ba-becd-e1b28e0b395f,0,1,0,1,0.0
43b97263-d23b-5740-b47e-56fafd45e582,0,1,0,1,0.0
43c52d9b-e926-52d5-b843-e889c0b55ce1,0,1,0,1,0.0
8d715b39-51ab-5714-bd42-5875f600990a,0,1,0,1,0.0
44011742-5d01-5234-b38e-06b79dbf30ce,0,1,0,1,0.0
b1d48d79-2296-5cfd-88c4-96c4dd5fd330,0,1,0,1,0.0
b19d01eb-8e02-5a42-9716-62b78c6ff0bb,0,1,0,1,0.0
449ab8ec-89a6-484e-94df-e2c7031ffc3b,0,1,0,1,0.0
443dd5cd-eee5-51b0-9754-df5b51b52490,0,1,0,1,0.0
b1571ee8-7f5a-53cf-a8a5-94cdefc6db70,0,1,0,1,0.0
b1560074-31cc-559d-add7-a6da753b1151,0,1,0,1,0.0
b13937db-d3a5-54b6-8202-217d66989eac,0,1,0,1,0.0
8da0eaf0-98f7-51dd-9aac-b8db65ba0e93,0,1,0,1,0.0
b12e600c-2be7-589f-b4cf-85525e80c991,0,1,0,1,0.0
b1140d7d-31e7-52c6-be9f-479077f2ad09,0,1,0,1,0.0
639d8f42-6ef0-5e46-8652-d3c2973e8b2e,0,1,0,1,0.0
634bbd3e-d3ad-5204-9e5c-97d9824cd040,0,1,0,1,0.0
af026bad-5a68-5c69-9775-623f718cab68,0,1,0,1,0.0
abe59c46-f956-556b-998a-b11c365169bf,0,1,0,1,0.0
aee2b83d-5f50-4309-9e62-200c404d4751,1,0,0,1,
47fca293-a9d3-5479-b7cb-3cd51f6db390,0,1,0,1,0.0
4839ea14-d902-4b57-9062-2e9d5efad913,0,1,0,1,0.0
48505b51-4dfc-5fbe-8cc4-77b9ba1a4929,0,1,0,1,0.0
4856e162-f3fd-5f1b-8d5b-7d0e4c24401a,0,1,0,1,0.0
ad039327-4b4b-5996-9ca2-ddebf050fad0,0,1,0,1,0.0
8e94d94a-e58c-5702-a83f-baf4aac1485b,0,1,0,1,0.0
acef39a2-6cc4-5807-96fd-1c59bad9dccf,0,1,0,1,0.0
48764728-356e-5d82-bd68-d6b1e7cfeb2e,0,1,0,1,0.0
ace5e84a-e17d-5ea2-805f-df5e0da5f394,0,1,0,1,0.0
ace1dbc2-a8ed-56db-9fcf-86cb3ab38a90,0,1,0,1,0.0
487b22d8-2842-5fca-9f28-523395c4b6f2,0,1,0,1,0.0
632e08a0-9811-530c-b914-b6621ba7560d,0,1,0,1,0.0
4909c359-b72e-52af-a2b2-550c217fcc68,0,1,0,1,0.0
8ec78feb-5d24-558c-8bae-ccf0d49a7562,0,1,0,1,0.0
8ef34666-c63c-5978-aa26-04df5ec760f5,0,1,0,1,0.0
8efe1fd7-4f7d-5e5d-993e-6f92bfe67ecf,0,1,0,1,0.0
ac33e71b-209d-5503-a276-14ca46372a81,0,1,0,1,0.0
ac117d51-d82f-4c3d-a17e-8578351ac601,0,1,0,1,0.0
8efff160-e20d-53fc-a956-cecd1d32c377,0,1,0,1,0.0
ad79f908-456e-51c7-8c82-bb7656a811ed,0,1,0,1,0.0
47e0979f-8b63-5a5d-9ec6-671a7bf74543,0,1,0,1,0.0
8e71e6f7-2bef-5462-bd7a-5e7ee3049c60,0,1,0,1,0.0
ae5acf7c-6784-433d-8a0a-9699bdc7485a,0,1,0,1,0.0
4692fd45-dcf2-5d5f-a7ba-bfb615dccc85,0,1,0,1,0.0
46af71bc-2961-5d9b-b8a6-7600a1bbc8a9,0,1,0,1,0.0
46bde042-d243-5cc1-9251-5073404e7666,0,1,0,1,0.0
46e3fd44-7383-5b62-b709-59cc442e62ca,0,1,0,1,0.0
46fc4dee-f5e9-5ed8-84c7-5df365419043,0,1,0,1,0.0
ae6f22b1-e9a9-5cd9-8816-f28ac76fc240,0,1,0,1,0.0
472a0b14-e10e-524c-a13f-e0c69e982f7c,0,1,0,1,0.0
4767c6c0-0b55-55e3-8259-7e3b0cecfd3b,0,1,0,1,0.0
ae54adee-80d7-51e6-9417-3faa988f8bef,0,1,0,1,0.0
47b52fb5-c1f3-494d-9872-89d8e5ad5ea0,0,1,0,1,0.0
8e56f9d0-e978-547e-a684-7bd000c733a7,0,1,0,1,0.0
477682d8-5c19-5e98-ba90-07954b22db90,0,1,0,1,0.0
ae396a36-53fa-5ecf-ad0b-8daf92e9c5bc,0,1,0,1,0.0
8e57701b-3311-51f9-97f9-35330b2b925c,0,1,0,1,0.0
478ab137-046b-5400-9dfc-2266d5c7da25,0,1,0,1,0.0
adbfdeb9-c43b-548c-b768-147c718e12af,0,1,0,1,0.0
47a91ed7-f0e4-53cb-8f7c-ad16153bee5c,0,1,0,1,0.0
adba07a5-e68f-5c5c-af74-53f671c5c83b,0,1,0,1,0.0
612800ac-165c-5146-9c66-463f5402b10c,0,1,0,1,0.0
50941de1-6e10-5694-831e-6a6937b82ea5,0,1,0,1,0.0
8d6c3721-8561-5d22-9dec-bf206d19f424,0,1,0,1,0.0
9a53b0a3-9ee6-5bb7-8863-cd4419150639,0,1,0,1,0.0
961e6bbe-d462-5f83-b782-caa0fdabb4b8,0,1,0,1,0.0
9bfeb327-8454-53ba-ac6a-e7cb0a2ccb45,0,1,0,1,0.0
9bf7aa9c-abeb-41b2-b424-3bd3ef236907,0,1,0,1,0.0
9bed85ec-d0d8-5c0c-b84a-1d3dfceb4041,0,1,0,1,0.0
5e978cf4-f6dc-5f91-b522-40c98a2d327a,0,1,0,1,0.0
9be27d8b-9db1-59a7-8fbe-bf62fd767450,0,1,0,1,0.0
963f8753-d9a8-577c-bec4-a4dec0ec6fb1,0,1,0,1,0.0
5abaec18-00c1-598b-9455-f93c70b863e0,0,1,0,1,0.0
9b4b6f31-302b-5e4b-a6ac-d7b47432e5ca,0,1,0,1,0.0
5ad0bdb8-11e5-5e96-afcb-4b4feb843b14,0,1,0,1,0.0
9b281528-5550-5e3f-bb3c-c322a771569b,0,1,0,1,0.0
9b1eb976-23fe-5028-aaa0-98efed74ba8a,0,1,0,1,0.0
9b1e5fb6-53e0-54ea-8d5b-30e80dbe289d,0,1,0,1,0.0
9ac300a3-869d-5673-bbb6-e53ea7eb4744,0,1,0,1,0.0
5e76d1e2-f2e0-564b-9737-064b6fbacc58,0,1,0,1,0.0
5b4c4ff3-e826-5b39-a352-8f932e41627e,0,1,0,1,0.0
9aa94b5b-11b6-55e7-9f93-fa003fd092b3,0,1,0,1,0.0
9a75e7e9-2da7-563a-8e82-b18c50225ec1,0,1,0,1,0.0
5b5de724-e081-5a24-87d0-e24787ed6972,0,1,0,1,0.0
5a242d83-e6d7-578b-ae1a-da70ea92838d,0,1,0,1,0.0
9c32125c-27bb-53ae-83dd-5cf2b80cbc33,0,1,0,1,0.0
9c5dbf9f-9aa3-5817-a0a8-8059fec0aa36,0,1,0,1,0.0
58fbc3eb-7b38-5fad-b3dc-a1af79590023,0,1,0,1,0.0
58adfe6e-411f-54c8-8942-eb664f6bb318,0,1,0,1,0.0
957ec2dd-2691-5a1e-8ffd-ff0f7fb7c7d2,0,1,0,1,0.0
9596e395-fd17-535d-8477-18b8ac3dea68,0,1,0,1,0.0
9dada7bb-6aa2-5667-b9cb-ad26de037014,0,1,0,1,0.0
95aa3c60-ac48-54a4-b722-5cf049142a79,0,1,0,1,0.0
9d516034-2820-5411-95f1-0aa81efaa3dd,0,1,0,1,0.0
95b9b541-275b-540d-b3e4-f911fdf8d9da,0,1,0,1,0.0
95bd8c4a-16be-51ea-b445-568f31981586,0,1,0,1,0.0
5905d834-b20c-5e28-97c6-1b5ba2c867cb,0,1,0,1,0.0
59a3a721-3567-5115-9537-d8dc91f9225e,0,1,0,1,0.0
590b2f77-216a-5d0d-9ceb-d587843d89ba,0,1,0,1,0.0
592768e6-2444-576a-8780-89045f616bd6,0,1,0,1,0.0
9cbc1a2b-ea74-5fa1-9017-76df8d83f83e,0,1,0,1,0.0
960f52d6-7126-579f-b4c1-db641b417690,0,1,0,1,0.0
595e13ac-2631-59f8-9c67-79c46890eb74,0,1,0,1,0.0
9c9197c5-4dd0-5182-b50a-5ae8497bd7b9,0,1,0,1,0.0
5974f6c6-c190-52e7-bf5f-b5e583b24898,0,1,0,1,0.0
599ee04b-d179-51f6-bfe7-6f0e3f0f30e3,0,1,0,1,0.0
9a654f95-47ae-5ce0-a23e-5229181fde21,0,1,0,1,0.0
9a4a2291-4d2e-5d23-acd9-5ca49735c4c1,0,1,0,1,0.0
5eb87244-1ef4-565e-8c0f-34ea1c0c1100,0,1,0,1,0.0
9a330060-d3f8-5ec8-8930-f95fd4a99d0c,0,1,0,1,0.0
985fac35-9019-5926-9699-79a468ffca42,0,1,0,1,0.0
5c6dc432-6443-55e6-aac4-77c5fa43edcc,0,1,0,1,0.0
5c701458-6001-5177-a289-004eb9e16c00,0,1,0,1,0.0
5c70ad00-4522-5459-ae10-22e1424f6df2,0,1,0,1,0.0
5c71e3e0-62f7-5c4b-8f94-7a801b29c215,0,1,0,1,0.0
5c914fcc-c66a-55fa-9b04-45071e380602,0,1,0,1,0.0
97e964e6-1805-56f3-9e68-6641c6f31562,0,1,0,1,0.0
5c945313-1640-5e58-bc26-583eb3c5d791,0,1,0,1,0.0
5cbbc3cf-4812-4219-bc5d-00bf42703c15,0,1,0,1,0.0
5cc1837a-6369-5032-823f-fded87e5807e,0,1,0,1,0.0
5cc2b5f1-baad-5bb4-9d32-b9e17af76749,0,1,0,1,0.0
97a33e74-9953-5aa3-9589-c1fa3355c45b,0,1,0,1,0.0
9790c808-2c94-52e6-8647-0a9c17142180,0,1,0,1,0.0
9786d519-a079-5dc1-8d0b-58e8a87f981c,0,1,0,1,0.0
5cee57d6-91af-5153-8579-e62c9f48ef0e,0,1,0,1,0.0
5cfc5f89-1258-5bcd-a8c1-dc58eb84325a,0,1,0,1,0.0
974ef7bc-13d6-5f39-8260-dcf31563b1c7,0,1,0,1,0.0
971f2391-76ee-517d-bfee-dd31851cad11,0,1,0,1,0.0
5d2b0898-e487-5d43-ae49-46239b9c1047,0,1,0,1,0.0
5e04be9f-e855-5227-809b-cd896c447d4a,0,1,0,1,0.0
9894eea1-c4dc-5d28-a7e7-f9de93abb698,0,1,0,1,0.0
5c36b797-fe05-5963-b2fa-02e1de3da975,0,1,0,1,0.0
5e69efe2-128e-5275-b1e8-0f307363f990,0,1,0,1,0.0
969cc4dd-84e7-5dee-8a52-e85a58aba850,0,1,0,1,0.0
99f3a51f-f19e-511e-95dd-b07a1277dc69,0,1,0,1,0.0
99d5dc7d-aea5-54cc-96b9-6e345daafd15,0,1,0,1,0.0
99b6c0a9-42d3-5928-872e-9dbfcbfca408,0,1,0,1,0.0
99b10aac-b0bf-5762-b035-ebecf1c8b2e4,0,1,0,1,0.0
5ba16db3-b723-51bd-b417-832104c9a6ca,0,1,0,1,0.0
5bad3d3c-9704-514b-90ff-49f087e2724e,0,1,0,1,0.0
96c5ef7b-bdfb-5229-8fbd-668b24a47f45,0,1,0,1,0.0
5e3aa3c5-b947-5ca4-986b-e51afe4fec64,0,1,0,1,0.0
96ec5c14-91ac-59c0-b977-6ea482dd40a8,0,1,0,1,0.0
996b5474-612b-5c15-90a0-606a590032ab,0,1,0,1,0.0
995bf6d0-bc81-5830-a13b-551667ddac74,0,1,0,1,0.0
5be819db-7089-5adc-9ce3-c23f33f155b8,0,1,0,1,0.0
98fd30bc-2e12-5b36-9efd-754f1cef3e9d,0,1,0,1,0.0
5bf54dfd-2c1a-5a9a-8ede-a40b34696e56,0,1,0,1,0.0
5c074f49-294b-5168-9ed5-8084938d1a3d,0,1,0,1,0.0
5c1f0340-5235-5bb1-bf72-fdfbb0564c66,0,1,0,1,0.0
98ca6bbd-a255-4dcf-9e0e-8a070ba9a386,0,1,0,1,0.0
586d68d6-1de0-5e61-b906-3a2f293dc3a5,0,1,0,1,0.0
5ebd0e7c-a624-5e49-933b-060209d30cd4,0,1,0,1,0.0
9202a278-71cc-5d4a-a104-f73f89d5f038,0,1,0,1,0.0
550c17a8-235a-510a-aeb5-616426a0a67d,0,1,0,1,0.0
a2c63808-6c52-50f4-a9fa-ea31f66227d1,0,1,0,1,0.0
a2b5cff6-f971-5763-a35f-6589eff50636,0,1,0,1,0.0
92bf314a-0227-55d2-b1cd-9f229024c58a,0,1,0,1,0.0
6000202a-fd3b-5dae-a56e-7e35c34c2b3b,0,1,0,1,0.0
5fd793db-1209-5f18-9137-3c7f8749d77d,0,1,0,1,0.0
a2489378-0f04-5344-b5e8-b5fcc688726d,0,1,0,1,0.0
a224c5d8-4b3c-5996-b15e-f9c43b8374f7,0,1,0,1,0.0
a1cb6928-7dd7-5545-ade9-02d30e6d5bd4,0,1,0,1,0.0
a1c1433c-75f0-599a-929a-2821dfc8f1a1,0,1,0,1,0.0
934acdba-3bfd-52a3-aeb6-9383eb4ae4fb,0,1,0,1,0.0
a1a3f9b8-a583-5cb7-87b0-67ab77e60b83,0,1,0,1,0.0
54166799-1895-4f35-9b2f-b249c2f7a351,1,0,0,1,
a16bd937-4a42-57f7-ae9b-db6f0af41e9d,0,1,0,1,0.0
93520b01-e084-5f5e-befb-d67725bb4bce,0,1,0,1,0.0
a154e2e0-797c-529b-98b5-bee4c88674f1,0,1,0,1,0.0
5f64a9fd-669a-5dff-9203-537cb305155d,0,1,0,1,0.0
a12a00fe-1224-575e-bb8d-c21ce44f572c,0,1,0,1,0.0
548b6882-44dd-446a-b6bc-46252c5ff5f6,0,1,0,1,0.0
935c8291-b6f9-531a-8b1e-ce80a5579447,0,1,0,1,0.0
6047dfbe-67fe-5fad-9153-f666a3f984c9,0,1,0,1,0.0
a30d9d5f-d84c-5a67-afb8-c5cbeeadde4f,0,1,0,1,0.0
926a7574-14bd-5134-8d51-d04d3cc673af,0,1,0,1,0.0
60a226ce-7b28-50f7-9915-ce4c8a68cdfc,0,1,0,1,0.0
60e6f6ed-719a-5c43-be1c-1ec0b658bf8f,0,1,0,1,0.0
a42fea66-e038-55ae-ab2c-14a3c295eec8,0,1,0,1,0.0
a42a1db6-652e-522d-bbb5-ec29b37eec06,0,1,0,1,0.0
9219e937-0cb9-51bf-9ce5-25fcdbc40424,0,1,0,1,0.0
a405dc03-ef9a-5080-a130-26ed18d79f99,0,1,0,1,0.0
a404c80c-1d0c-54d7-8082-f3ea15590ffa,0,1,0,1,0.0
a3f841cc-cb1e-53ec-8b6a-12bf5188b888,0,1,0,1,0.0
a3f6ebe0-8cf6-5b98-bda9-a010947bc756,0,1,0,1,0.0
922be026-0a42-547c-980c-555e32748d07,0,1,0,1,0.0
60582bc3-11c1-5594-9440-df8a16499224,0,1,0,1,0.0
51bc6157-8787-52bf-9711-9ab1a5c53ced,0,1,0,1,0.0
922c270e-0973-5e32-bc0e-e64a4a08466e,0,1,0,1,0.0
a3b8c53f-fd81-5644-8f9c-24e606030af5,0,1,0,1,0.0
51f88c84-e39e-5276-9b3f-7ccd464ef5f5,0,1,0,1,0.0
922ea3c4-29c4-587c-954d-20fba6578be8,0,1,0,1,0.0
5229a8b5-9b46-59c4-9188-0b07c15852fe,0,1,0,1,0.0
60859f85-0504-5e3b-81ac-0b58891bec8a,0,1,0,1,0.0
607d6fd8-70c4-5cd7-aa6d-b77a0c113425,0,1,0,1,0.0
a1253256-cbf9-56be-93dc-1ac32c94fa5d,0,1,0,1,0.0
937cb50d-3dc4-5844-970a-0ad0ca64be7b,0,1,0,1,0.0
9e553cef-de61-5c3e-baa6-82ad5a1018da,0,1,0,1,0.0
9396a19b-6ee6-5f5f-837a-3f84f4902cd9,0,1,0,1,0.0
9f900441-7c56-5b60-9a89-f984a66bf2cb,0,1,0,1,0.0
946a1f74-7fe2-5c40-b818-ede871cbd53e,0,1,0,1,0.0
5f34568f-1a88-5480-bbe9-b5f5a93a1ad5,0,1,0,1,0.0
9f49b9ec-c1e7-5a17-8eaa-ad11ddb7fb1d,0,1,0,1,0.0
5f273864-5b64-5705-bb52-758868cbf302,0,1,0,1,0.0
5f1beb87-0813-55cb-97bf-0895600d2ddb,0,1,0,1,0.0
56f6903d-2c7a-5612-ab23-1f36239b2755,0,1,0,1,0.0
9f0d9237-d246-5648-b59a-86495d394ae6,0,1,0,1,0.0
57148bf9-9441-5a2b-b3d1-a49be0872378,0,1,0,1,0.0
94e9c684-498a-55dc-ad9c-ae3af56e5d2a,0,1,0,1,0.0
57548f99-81b3-5874-8c95-fe0e40012ef5,0,1,0,1,0.0
9ec0d737-095e-52bc-aa29-02b434c259d7,0,1,0,1,0.0
5760a02d-23ce-5fa6-96cc-24795ed7d8d2,0,1,0,1,0.0
9e90713c-f932-526c-bedb-66b26c5c64da,0,1,0,1,0.0
5784b4a7-aee0-5972-bc20-0b0203615c45,0,1,0,1,0.0
5f14db2b-e388-5ccc-8e4f-d8fc7d170284,0,1,0,1,0.0
9e613953-702d-47a0-b9b3-9fc1c907a2e7,0,1,0,1,0.0
94faef99-38c5-5001-9a91-dee4d1e5226b,0,1,0,1,0.0
5ef058db-97d6-544a-af63-64f12db661c0,0,1,0,1,0.0
945f9efb-1846-5a4f-8e6f-8f6d4e16cb19,0,1,0,1,0.0
9fbf82a0-f584-5a87-870d-6474b1a626b7,0,1,0,1,0.0
9fe91498-b4a3-58d8-98e4-82466cc2b73f,0,1,0,1,0.0
9412e200-d1f7-5ac1-a69c-2ef3f4595292,0,1,0,1,0.0
93a2aaf8-33ac-57b2-bae4-7bc3a28bbf41,0,1,0,1,0.0
556857aa-2641-5973-9692-9e949440bda7,0,1,0,1,0.0
5f5ea614-8d3a-581e-bedf-ab876f2169a5,0,1,0,1,0.0
a0d37c1c-a910-5bf9-a973-fce4f7779802,0,1,0,1,0.0
5577fdaf-209c-5b0f-b129-68485aaff540,0,1,0,1,0.0
a0c3983e-ac06-55e8-8cb2-5e2b175b9152,0,1,0,1,0.0
55a1a682-3d9a-5bf1-9abe-780bdccdb8e6,0,1,0,1,0.0
a05d8198-7043-5b88-b7f5-f0f6b73d07da,0,1,0,1,0.0
a04bbbfc-c800-5924-895d-be99bb734630,0,1,0,1,0.0
a006b447-ab73-5e38-b0db-d91ce472709a,0,1,0,1,0.0
5f54f4b9-abee-5b03-8192-8a948c7a1300,0,1,0,1,0.0
a0468389-75b4-51d3-b535-3e9bbc3103de,0,1,0,1,0.0
a03dcc13-b60d-5b4b-9087-607f3167a10f,0,1,0,1,0.0
944b175d-9408-5527-877e-8c3f3912cfd8,0,1,0,1,0.0
5620f652-2f14-5b3f-a797-29812d727bf2,0,1,0,1,0.0
5f536de6-cfa8-5bf0-bcf1-0b0f80954b0d,0,1,0,1,0.0
a01d472e-8db7-5dad-a348-c5d1ff6dde7b,0,1,0,1,0.0
a0100604-4031-5ec5-8b12-b2f239c3dfde,0,1,0,1,0.0
438ac0a7-173d-52fc-88df-8ed75b62a137,0,1,0,1,0.0
43469ba9-aa21-4264-8d11-c42e7441129f,0,1,0,1,0.0
28fa8f66-6f20-4e4d-92ba-b45d0956f7bb,0,1,0,1,0.0
894b373d-590f-5b72-8094-80712b92c6c6,0,1,0,1,0.0
c5d0a710-207b-5ba1-b735-4dc330fe2bba,0,1,0,1,0.0
c5c662fc-d889-5ebe-b904-cf3978e88a14,0,1,0,1,0.0
3131b4b2-6131-5637-8968-670a25223473,0,1,0,1,0.0
6833506e-a75c-505e-8752-93fd9618c952,0,1,0,1,0.0
3149f202-2aa0-5ea8-93f1-f0232e4e3ab3,0,1,0,1,0.0
c5820dec-d36b-5788-b15d-d6da0ef919e1,0,1,0,1,0.0
315805b8-c1a4-5547-b559-1816036188ea,0,1,0,1,0.0
c536ed8b-b298-5e5b-9bc1-f74d0bf0afeb,0,1,0,1,0.0
67f292fc-b79a-5a87-9aea-ea6e300a4ca0,0,1,0,1,0.0
316bea75-087d-5a1c-8064-4d4cda40dc89,0,1,0,1,0.0
c4bbd7fd-58b4-5088-ad04-212795bc19bd,0,1,0,1,0.0
c4ba7aa7-967e-5503-b725-d4628803997f,0,1,0,1,0.0
67db6e25-3e67-5657-840b-408951f9597e,0,1,0,1,0.0
67d58af1-d34d-5523-bcd6-4b0af02389d2,0,1,0,1,0.0
3206e086-74d7-5635-a550-2573906688c4,0,1,0,1,0.0
c45aa7a1-5e49-5085-afe3-a09c2bffe002,0,1,0,1,0.0
c4582a22-dad2-5879-83c1-e5f3ab2a572d,0,1,0,1,0.0
c4541f5b-4378-5100-bf73-73910a330704,0,1,0,1,0.0
325a064b-fa6e-4b78-a45d-1aa2d101ca23,0,1,0,1,0.0
312e61ba-f314-51c7-81ad-cba92d1fd4aa,0,1,0,1,0.0
31186975-1d9c-572d-9734-8392542d673f,0,1,0,1,0.0
c6000172-621e-4a01-99fa-64291733f3e7,0,1,0,1,0.0
c784ac45-c72b-5395-b47f-cd8258f85d5b,0,1,0,1,0.0
2fb3c4ec-bc14-5577-9193-45e52b2c2e03,0,1,0,1,0.0
68feb635-e01f-57eb-b7e4-baf9a07c49e1,0,1,0,1,0.0
68c97675-584c-505c-8112-29720fcae6be,0,1,0,1,0.0
c7d24906-0259-59e9-9a89-b7fdfa55b9a9,0,1,0,1,0.0
2fd90063-a510-5810-a83d-b671f67a8085,0,1,0,1,0.0
2fe3e4da-b787-53bf-bc3e-ea9da52e3c1f,0,1,0,1,0.0
68bc1b19-2a4b-5efb-9d55-f271728106f9,0,1,0,1,0.0
883905c0-a4eb-5b0a-b60d-3b71843fc000,0,1,0,1,0.0
8847be08-acfb-59b5-967e-9e3684d4407b,0,1,0,1,0.0
3108ff75-c544-53b1-8fe8-70576def2b45,0,1,0,1,0.0
885402a4-efc8-539f-b67d-1fea40713be3,0,1,0,1,0.0
88693cd3-c737-5530-905f-994fcfcf71b8,0,1,0,1,0.0
8884a6d6-4810-5c42-83c3-f338bdb0b880,0,1,0,1,0.0
8892d7f1-2765-51de-bdcd-82dfb1ae08c8,0,1,0,1,0.0
30d27d7e-3cdf-5452-8ef5-8c7da9db5acb,0,1,0,1,0.0
c678721c-87b8-58aa-9023-ab247f35ea6c,0,1,0,1,0.0
30dc7884-c795-53e1-8a38-8a0fb92fbc1d,0,1,0,1,0.0
30e83292-e9c9-5a3a-b5b7-003ae66d150d,0,1,0,1,0.0
c4303e79-5656-5ce3-b2d5-8818c3ae7ca9,0,1,0,1,0.0
c41f541c-6714-5bdf-ac2c-c2a3c63cc72f,0,1,0,1,0.0
2ef5a3d2-cc6a-598f-a35e-16b008849b27,0,1,0,1,0.0
3294e01a-88fa-5161-93f7-ef87b50851a1,0,1,0,1,0.0
c22de55c-5548-55bb-8fd2-6b4e63279d0c,0,1,0,1,0.0
346941cf-5ce6-55c2-b900-5b9fb67ec7ca,0,1,0,1,0.0
347da3eb-7962-5e9c-badd-3cf3069cd6c1,0,1,0,1,0.0
670c3371-9ed8-5b87-a66f-db1d3cb9a7c1,0,1,0,1,0.0
c20e851b-8878-544c-9557-13c3b71d91fa,0,1,0,1,0.0
34c924ee-8cc9-5404-87fd-381445f2746c,0,1,0,1,0.0
351584f8-0eda-5164-a08b-c2ed4d7841f6,0,1,0,1,0.0
35239d51-bb42-5339-a7d0-afeace8b0fbf,0,1,0,1,0.0
35317b04-0aca-54d4-b256-d78a07496248,0,1,0,1,0.0
c1bf2f93-eafb-55c9-96c6-0b78454e01d4,0,1,0,1,0.0
353e560e-0731-5b57-bbb7-e0bcbe335a4a,0,1,0,1,0.0
66c3a921-7583-5fd0-8351-19ad2bbc5497,0,1,0,1,0.0
35888ec4-c9e4-51b6-bda0-a5d40fb741d9,0,1,0,1,0.0
c1845d25-d059-56dd-9656-054afece2fc5,0,1,0,1,0.0
66a117f2-eed6-5904-a55c-28d85ea99383,0,1,0,1,0.0
c166583c-63d4-5869-a9fb-4a44e3af134d,0,1,0,1,0.0
35de638b-4c73-59ab-b496-bb3d2021791b,0,1,0,1,0.0
c15230e0-eb2c-52c3-90b6-029562b7ba09,0,1,0,1,0.0
66720c41-b77c-5e85-ab06-651a57940b17,0,1,0,1,0.0
c234bac9-d3d0-5c64-9cd2-6aabe2dcc0c8,0,1,0,1,0.0
c23ff738-f224-5523-b1d8-d95e7d3dd9ff,0,1,0,1,0.0
67177a47-ecc0-5de7-888a-481b70e9893c,0,1,0,1,0.0
c31dada7-171f-57b5-b100-8644fc15c622,0,1,0,1,0.0
32cdf6e7-db55-5f8f-a838-61474934163b,0,1,0,1,0.0
c3eeb2f5-ac4a-5954-a902-54f1a0572869,0,1,0,1,0.0
32d43a37-3eff-52b6-823d-811a2663da1a,0,1,0,1,0.0
89512d8f-4ff8-45ec-add7-e32db469cbc7,0,1,0,1,0.0
895bc9a7-060c-5f40-8b50-0b209de71c8d,0,1,0,1,0.0
3358e6c2-8dcb-4498-9f11-dd29c6b75764,0,1,0,1,0.0
c3406e28-c58f-5e54-9d6e-1ddc45847343,0,1,0,1,0.0
339b54c8-cbd2-548f-aefa-727c299b9006,0,1,0,1,0.0
33a64ba2-da0a-5652-a6ad-20f7b6293ade,0,1,0,1,0.0
899d3f34-43f4-5d42-8f4c-1c185bf504c8,0,1,0,1,0.0
6774696c-c865-5ff0-baae-fdb007a1ab02,0,1,0,1,0.0
33e9423f-c218-48b2-875d-3522c5c492be,0,1,0,1,0.0
33eb14ec-6997-5b9e-99fb-65b1c0996849,0,1,0,1,0.0
33ec7996-2b56-5ed8-a074-88b81672be20,0,1,0,1,0.0
c2b1f6f4-1eb8-52d8-bf43-8bb324bbd9b6,0,1,0,1,0.0
c2a58ffe-65a8-5260-8f51-a028e254a26c,0,1,0,1,0.0
c28f4f81-8150-57b3-be41-474cc66588c4,0,1,0,1,0.0
6737c2d6-68d4-5c06-81a6-332f3da2d30d,0,1,0,1,0.0
2f0732b8-7283-575b-9cf2-70ebba12606d,0,1,0,1,0.0
c845c565-ae7d-59aa-8cd0-f0a7c4f775ed,0,1,0,1,0.0
c12ce9b4-7d91-53fc-9d66-30d5d9bfdf3d,0,1,0,1,0.0
cba92f40-025a-57d0-a756-12836564b44e,0,1,0,1,0.0
cd338f89-866c-50c5-a27c-3711b4ee99d2,0,1,0,1,0.0
cd2400b3-5af5-565a-a64a-173a35af16e6,0,1,0,1,0.0
2b5c8f53-15eb-551a-a09e-3f4b52ffd6e4,0,1,0,1,0.0
ccf3dbe6-850a-5f8e-93ec-181f39975d68,0,1,0,1,0.0
8654548d-913a-505f-9ca2-47204af2f535,0,1,0,1,0.0
2bb36de6-7c28-5750-b2c0-7839803bb629,0,1,0,1,0.0
cccbcb9f-6494-5b9a-916c-100087f23ae9,0,1,0,1,0.0
ccc6d3eb-e166-5f5f-874c-88c15df40ad8,0,1,0,1,0.0
2bc00ec0-1de8-5949-9112-d5fbbbeb6a8f,0,1,0,1,0.0
cc9b5c90-2367-5f67-a3b0-de273d99438b,0,1,0,1,0.0
5d6eb4b1-96f4-5147-8ae8-469fb27535df,0,1,0,1,0.0
cc769214-303b-5a41-876d-8d89bef66117,0,1,0,1,0.0
cc5ded41-1774-53fb-92d1-7a5fee2adc5a,0,1,0,1,0.0
866c6ba7-5bc8-58c0-a911-05b3a5a59375,0,1,0,1,0.0
69cbcc93-52bd-559e-92f8-809ec8cc1335,0,1,0,1,0.0
8681f60b-766a-542b-986c-c35976d5eea2,0,1,0,1,0.0
2c46f9f7-1b7b-5d8b-b06c-8a8282372e84,0,1,0,1,0.0
2c8f313e-5468-55b4-b35a-11c5e5774a40,0,1,0,1,0.0
cbc15680-3c23-5bda-99da-9a12c8ac5797,0,1,0,1,0.0
2b43e422-d163-5c7b-a498-2daa92227fba,0,1,0,1,0.0
cd7b41ba-e192-5c2f-ba74-a7e6153a5aa0,0,1,0,1,0.0
2b2d8bf1-a182-5e9b-9036-6a27699e8696,0,1,0,1,0.0
2a646d79-2055-5306-86a7-de1a254b01f8,0,1,0,1,0.0
6a2cb952-46bd-5875-b78a-bc41a396ee2a,0,1,0,1,0.0
85e0e3df-7d62-5b96-ab50-4e6df9611e02,0,1,0,1,0.0
2973121e-215e-5a94-8580-6ab8ad5f019b,0,1,0,1,0.0
2998da43-e864-5f1d-8e39-7a8b5c8c3759,0,1,0,1,0.0
85f1df2d-4a57-50f8-8fbf-533179f535e6,0,1,0,1,0.0
ce88f6e6-b6eb-5b1f-8f4c-142217154829,0,1,0,1,0.0
2a34078b-6845-5b56-b6e6-2ca3b2be0b3f,0,1,0,1,0.0
69fc6a5f-950a-52d6-93f0-cfca63247ae7,0,1,0,1,0.0
2a85adcd-595d-5c25-8205-5617320ac2ac,0,1,0,1,0.0
69d0715b-9405-56be-9e0e-a5f5655971d4,0,1,0,1,0.0
2aa19138-7dfc-5b7d-bac6-f467b181cf58,0,1,0,1,0.0
ce478feb-1e59-5fdf-a352-594a949ce61b,0,1,0,1,0.0
ce44c751-43b4-566a-874a-c25f6fcb266c,0,1,0,1,0.0
2aa7136f-9634-5117-b117-acebf38f3297,0,1,0,1,0.0
2ab4425a-4d03-511f-8ff2-0b74a15a73f6,0,1,0,1,0.0
2ab5bb86-f03e-5682-ac3b-5cb820fffd4c,0,1,0,1,0.0
cdfb2aab-83cc-500b-94f9-08b75a4b7104,0,1,0,1,0.0
2abac4dd-45ea-5270-b302-6c96c32d62b2,0,1,0,1,0.0
2cabaeaf-0c9b-505b-8120-2d209853d2d6,0,1,0,1,0.0
2cb3b890-c516-5166-8031-c2ac07b36f86,0,1,0,1,0.0
2ebd640e-26cf-5d04-94d0-ad7634838b9e,0,1,0,1,0.0
86ab604a-23dc-5fdf-af0b-5dcc372bbd2d,0,1,0,1,0.0
2e13a08c-08f3-5826-bfb0-78889733cf82,0,1,0,1,0.0
c9f01894-8967-5c0d-ac88-a90305584e28,0,1,0,1,0.0
c9e8b391-14fe-509e-a699-352406606d28,0,1,0,1,0.0
c9d045ef-0c11-5852-bb79-00c920c3463f,0,1,0,1,0.0
877fdca7-fd40-5ca4-96e5-514403fb2e94,0,1,0,1,0.0
c9a34830-9240-5a23-8270-9eb0d15e8430,0,1,0,1,0.0
c97fe810-ea49-576e-acf4-dcc9be2224be,0,1,0,1,0.0
2e3ad358-96ac-5acd-b03b-67472aa84faf,0,1,0,1,0.0
2e5522ea-6132-5520-a43f-c2a94f99f5e3,0,1,0,1,0.0
2e7d3193-c2d2-5b06-ad3c-19978fb0b08a,0,1,0,1,0.0
2ea6ee79-4bef-5032-b473-1d55f8b1129a,0,1,0,1,0.0
c91b10c1-3fd0-5ada-9b6a-82a5813e38b7,0,1,0,1,0.0
2eb0c47b-7ba4-5a56-97a3-63c961bfb3d9,0,1,0,1,0.0
2eb38ca4-0df5-58d9-bf8a-d48e41e93e8f,0,1,0,1,0.0
87bf7bcb-7ae8-50c8-b9e4-6649bbb294c7,0,1,0,1,0.0
2eb6fb57-d0f2-5318-a63c-e014d1018f0a,0,1,0,1,0.0
2eb879c3-7c75-5d7f-ae87-b030d41e2697,0,1,0,1,0.0
c8b1cb58-ba44-5dd7-956b-83e5f199a85e,0,1,0,1,0.0
c8aeccac-726a-5a1f-a259-a52f8dea1a15,0,1,0,1,0.0
ca731758-7358-5810-8cee-2ae2195f6407,0,1,0,1,0.0
2e085923-8765-537e-bc52-d1e36129d186,0,1,0,1,0.0
ca83dd68-992e-5ed8-9fe9-9f94d206f15b,0,1,0,1,0.0
cb14c672-fc80-52c0-8bed-ee9e1f18ddad,0,1,0,1,0.0
cb82a96b-9fe0-475b-9eff-474dc14d6efb,0,1,0,1,0.0
2cedbd92-da37-5a60-98c8-42c1cc704509,0,1,0,1,0.0
cb6d7a4b-9ea0-5c5f-bfab-5a97f6272527,0,1,0,1,0.0
cb69e777-5a50-5d66-88a2-151f00bb0b16,0,1,0,1,0.0
cb63ea08-47e4-5b3f-9afc-5295fdc14f61,0,1,0,1,0.0
86c41eaa-c169-5682-bc8e-bef87a681210,0,1,0,1,0.0
2d1654b1-6981-5dad-9ac0-c97ee883c8bc,0,1,0,1,0.0
2d1aad47-a98e-5373-88e4-a15e5879da03,0,1,0,1,0.0
86d00047-716b-5a55-9344-64aebd8f29e1,0,1,0,1,0.0
ca86488d-495a-5366-b4e6-c7c5e27d8034,0,1,0,1,0.0
cb04770e-22dd-5413-b389-f50c45078b37,0,1,0,1,0.0
86ede4f5-b758-50ee-b310-1f04108dc43d,0,1,0,1,0.0
86fd7d18-c2d7-5d4e-93de-9c0ae503b02a,0,1,0,1,0.0
8705aad3-b245-5e38-87bc-0d6272cda668,0,1,0,1,0.0
2d93bebc-468b-503b-991f-1578de710d8f,0,1,0,1,0.0
8717ba4c-dfed-5b85-b483-0b221cb45ea4,0,1,0,1,0.0
2dc7ca00-27d3-5330-af67-e79203b8b258,0,1,0,1,0.0
ca93e62f-b407-52b5-945b-7f9d743e2a4d,0,1,0,1,0.0
c1382b83-10b1-5603-a354-c04022d45e67,0,1,0,1,0.0
36599ff3-af8e-5b64-9166-71babce10002,0,1,0,1,0.0
b2d8bff6-16e2-5f22-92c0-eb6cfd2110e3,0,1,0,1,0.0
8cdbbc38-deb9-5541-97f4-1b51ee448552,0,1,0,1,0.0
3ea7cdac-e2eb-52df-b313-67400a604d85,0,1,0,1,0.0
8c7849a7-cb1f-5482-ae81-043546086f2e,0,1,0,1,0.0
64522f82-acca-5705-bb8f-376b11d30b30,0,1,0,1,0.0
b7716d10-388b-591a-b058-54e3937e5454,0,1,0,1,0.0
b75590ec-a8e3-5e84-bc99-06edcff91711,0,1,0,1,0.0
3ee3036d-739a-50c3-98b2-1230c4a09f8b,0,1,0,1,0.0
3ee4b10e-649a-5c40-b7cb-eaca0727b1eb,0,1,0,1,0.0
b72393c4-ecc3-51c8-9644-dc50ff1da22c,0,1,0,1,0.0
3ee7cc80-acc2-59cc-9450-ff7c355419b3,0,1,0,1,0.0
8c81ad46-bbff-5140-9b6a-f2c4b09ce213,0,1,0,1,0.0
b69998b9-558b-5134-abb8-860411c5b755,0,1,0,1,0.0
8caa3479-3644-5d35-9975-c3ba46a46331,0,1,0,1,0.0
3f45531d-8be5-5a23-8bc6-8e291c118329,0,1,0,1,0.0
3f75c796-486c-54f5-80f8-b73e9bd58780,0,1,0,1,0.0
8cb03e10-ea39-5c1b-9bc8-16ec07e39e2c,0,1,0,1,0.0
b604dfd6-af35-51a0-9e4b-b933afe27d75,0,1,0,1,0.0
3f91cb54-0439-57a0-b24f-e55b1b7e23f9,0,1,0,1,0.0
3f92ada4-2e56-56a1-909f-a0cf1efdf787,0,1,0,1,0.0
8cc0bb9e-ae3a-5d4f-ae26-d3bd813d6009,0,1,0,1,0.0
8c71ba08-d449-521e-8092-5d4f7e14d759,0,1,0,1,0.0
3e9a7148-201c-5f93-8d49-2e416dc6558b,0,1,0,1,0.0
64695f73-0190-51c8-8a27-93708fc5b5da,0,1,0,1,0.0
8c410498-e287-59d2-ba4a-35538284c85e,0,1,0,1,0.0
3d506e2b-ee2c-5a33-a347-6362da522d75,0,1,0,1,0.0
b8cf76c4-d301-5c2a-a3a4-6a4d80bdd876,0,1,0,1,0.0
64e73627-f7d2-509b-aa00-6fac892937f3,0,1,0,1,0.0
3d83f6f9-d3d1-57e4-946d-38fed47206b7,0,1,0,1,0.0
3d864f16-6bf8-5b81-85af-85a1b96a242b,0,1,0,1,0.0
3d97418b-2189-4774-aa2b-827ffab76bfc,0,1,0,1,0.0
64b71edc-4801-56da-9ac3-637158bfb6d8,0,1,0,1,0.0
3da654a7-93f9-5962-89fa-d9e4b7b156b5,0,1,0,1,0.0
3dfca2cc-10c7-5569-be89-3aeb4918b0fc,0,1,0,1,0.0
b7ea5c1d-3315-57d4-b4cd-530b740da9be,0,1,0,1,0.0
b8a43903-e104-5bb0-bd18-2165963ce33d,0,1,0,1,0.0
b87cb976-985e-5319-b36b-aa7473a54da1,0,1,0,1,0.0
3dfedf43-93e9-5b2a-82b0-c1ecac358623,0,1,0,1,0.0
8c51c6ec-abcf-585b-b904-24719893f8e6,0,1,0,1,0.0
3e69de4e-a040-5230-bb30-2f98037508fc,0,1,0,1,0.0
b833a123-9bc4-54b4-bc9d-4819b51cb40d,0,1,0,1,0.0
64900196-9bf3-5fcf-b030-f494b7c21331,0,1,0,1,0.0
b7f40d4c-de0d-4a54-a548-d3644fca7488,0,1,0,1,0.0
8cd81cf3-a611-5a2d-82ed-b0f9a85b6b97,0,1,0,1,0.0
8cea28c9-1f15-57c1-883e-d3b5e9f25a1d,0,1,0,1,0.0
64f8f5cb-4e20-42b6-b0ec-bd2744fc81dd,0,1,0,1,0.0
403bfe22-bd61-5534-8428-cab08428b32a,0,1,0,1,0.0
63ccc799-65c7-5e87-a3bb-faf99c2f8e77,0,1,0,1,0.0
63c2b220-139e-5550-a5a3-12c2c1eb8049,0,1,0,1,0.0
420aee88-11bf-53de-adc7-2b70e4ae2a6e,0,1,0,1,0.0
42129502-38c4-5fa3-aa72-6aab58756ef4,0,1,0,1,0.0
b4473364-d04e-5a4e-bc14-46a3633d7ee4,0,1,0,1,0.0
b41e34c0-648b-534b-be28-3250abb1c737,0,1,0,1,0.0
b3e970c6-e480-5c09-9d52-ccb0f0584036,0,1,0,1,0.0
b3e639c9-f398-5320-aa55-c4660a424480,0,1,0,1,0.0
b3e3d270-f666-5f61-8f54-97f72212f67b,0,1,0,1,0.0
421fa177-b380-5f27-8e41-4b44375e946a,0,1,0,1,0.0
b3caa4d6-20ba-5bbe-a043-ba42cdef56d0,0,1,0,1,0.0
4246b78a-42c3-5f6c-88ac-e3724724f30d,0,1,0,1,0.0
63a50bb3-7fc1-5a49-97a8-9bcbcaf48911,0,1,0,1,0.0
429d54b0-54a3-5147-b440-5650b9bea5aa,0,1,0,1,0.0
b350ba93-8072-5388-a874-6aa53b1aa6a4,0,1,0,1,0.0
42e42889-5887-5cb7-b6b1-61caeac29734,0,1,0,1,0.0
4303df9e-71af-51e3-9d77-7baa78262718,0,1,0,1,0.0
b338ae21-0f74-5a70-a806-f605c612d689,0,1,0,1,0.0
430b36ed-f05b-5c30-afb3-1511902d9de5,0,1,0,1,0.0
41abd60a-4567-5b70-985c-c0275840b3a4,0,1,0,1,0.0
b4a3035a-dba7-52db-9ea4-288601cec546,0,1,0,1,0.0
b4a8019f-8900-5542-8c11-82004ee9ba2e,0,1,0,1,0.0
8d0f3661-9b1c-556d-8548-ac59c28143eb,0,1,0,1,0.0
404c02c2-7611-54bd-bd72-3a83fb47d134,0,1,0,1,0.0
b57d5cc8-91ec-5fcc-a7b7-0b527cd9eacf,0,1,0,1,0.0
406b125e-b615-54f0-92f7-9336eb93ee1b,0,1,0,1,0.0
b558f3bc-29ae-5221-89cf-0bbd4654f598,0,1,0,1,0.0
b54d896c-a92c-5ce3-9337-e89395586fae,0,1,0,1,0.0
4074fc6a-82ca-54b7-9fab-fa00c5161f4e,0,1,0,1,0.0
63f67e45-e68e-58f0-9d4c-6c4f9dc27891,0,1,0,1,0.0
b53f9db7-60fe-5eeb-b776-9323588fd2fc,0,1,0,1,0.0
b514a802-52c8-5518-8e17-5983ecf66652,0,1,0,1,0.0
63d87b81-e334-5c12-af7b-b009ad75c00c,0,1,0,1,0.0
40eb67b9-d5e3-5220-ab9a-743bed5a30d2,0,1,0,1,0.0
b4f22343-0d34-5cfa-9323-40778cbfb08b,0,1,0,1,0.0
63e478d0-ae3d-552c-b416-9505503c920a,0,1,0,1,0.0
4135a3aa-4d76-5e65-b7b9-2c86d5802846,0,1,0,1,0.0
4136c3d1-8ac9-504a-884f-d9327e55e5bb,0,1,0,1,0.0
4168d994-e55d-58c7-8783-8bc0ca30900c,0,1,0,1,0.0
b4b20b10-8628-5696-983f-e0c510952454,0,1,0,1,0.0
b4b01564-9109-590d-9d2a-189eb0f9d6b8,0,1,0,1,0.0
8c2f43c6-793f-5208-919a-83620412c930,0,1,0,1,0.0
6519e397-46ab-531a-acf5-f5e925fb5585,0,1,0,1,0.0
c1149c1e-069f-5fb1-a8a6-76fe78530aac,0,1,0,1,0.0
65fca0f1-ca35-508e-97ba-37f062f0abef,0,1,0,1,0.0
bf356155-03b3-5643-9684-547838db806c,0,1,0,1,0.0
bf2e7db3-3f9b-539c-b271-5b4e1de56581,0,1,0,1,0.0
8a3f2fb1-3768-5849-acdb-ffedea6146bf,0,1,0,1,0.0
37d40946-00de-4646-b31b-a8a005b4482c,0,1,0,1,0.0
bf0a8074-1abd-5970-a769-dceafc674c54,0,1,0,1,0.0
381ede0c-1a73-56c1-945f-f134b2d146e2,0,1,0,1,0.0
38299713-0092-526b-af55-e08f58e6e479,0,1,0,1,0.0
382cf6fa-9f67-56bf-be75-b5d823c28b14,0,1,0,1,0.0
bee1045a-3dbd-5411-b004-1ed306011c86,0,1,0,1,0.0
383e9b1a-4d84-5433-ae84-0c9c29def1b4,0,1,0,1,0.0
385a69e1-41fd-5dd1-96ea-61972dae29d4,0,1,0,1,0.0
be844783-16d7-55f8-aa49-8a0959d52a68,0,1,0,1,0.0
38729fc8-2617-5200-870d-553927bede9e,0,1,0,1,0.0
8af40f18-b8a4-50fa-a9aa-38219f22c89f,0,1,0,1,0.0
8afc7a3e-2340-589b-be8f-24a5bd1a881a,0,1,0,1,0.0
6601dfde-d596-5cc0-9073-fd8d382fda64,0,1,0,1,0.0
39461bf6-068b-51b8-b7f5-b14f59ad5a50,0,1,0,1,0.0
65fd5cf6-4ee6-531c-af29-9610bce28c8a,0,1,0,1,0.0
be0321c0-d865-508a-bd2a-7666136d952a,0,1,0,1,0.0
664d3aa8-3868-55e7-86fe-57965b491dad,0,1,0,1,0.0
bf65e30e-f823-5713-8341-a41f7d203a4c,0,1,0,1,0.0
bf86d188-e1fa-59d4-8ca9-90cf15ca0623,0,1,0,1,0.0
36d688e8-8486-5efc-8baa-77ddc53535b6,0,1,0,1,0.0
665ef1e5-04fe-5060-af06-279c60935a30,0,1,0,1,0.0
c0cc95a4-98aa-5780-819e-f6a1f253f9e8,0,1,0,1,0.0
c0c6d962-77ab-50e6-aa22-1ead9266403d,0,1,0,1,0.0
8a0fa573-bacc-582f-9087-9660176c3732,0,1,0,1,0.0
36c5ad21-d31b-5c6a-9ea6-852eb090b3ee,0,1,0,1,0.0
36ce5398-5bdf-582b-a146-47c2b81421f0,0,1,0,1,0.0
c097476c-a75f-587d-b440-de96bda1d224,0,1,0,1,0.0
c08c0cf4-23bd-5372-89aa-1a78bfd53c92,0,1,0,1,0.0
c06e6129-5ee5-5863-80e8-bf78d7c38013,0,1,0,1,0.0
8a203f5e-ac33-5a5b-bfcf-04b2eaae2a0e,0,1,0,1,0.0
3704068d-ea7e-5b12-8c0e-56d54c4e8cbc,0,1,0,1,0.0
8a19070c-a8fa-560e-9ba4-350a537ee9ba,0,1,0,1,0.0
372a7712-61bb-550f-b3a8-866d93bcb95f,0,1,0,1,0.0
c047e7b1-0680-554d-8f6f-292efe9bf6d5,0,1,0,1,0.0
c044e659-f2d8-55c6-82ce-014d0e75a889,0,1,0,1,0.0
37357e55-4b39-53cd-8d9e-08de299edafb,0,1,0,1,0.0
8a1b5f7c-ce84-571c-bf1e-9a5ffe7f1541,0,1,0,1,0.0
bfd740d3-4192-5bbb-a124-9d5fa5eea3f0,0,1,0,1,0.0
bdfa71e1-8536-54f6-8e6b-154195001a84,0,1,0,1,0.0
39923912-5110-52b2-ac08-1175d111dd6a,0,1,0,1,0.0
8bed41fd-71e1-59ae-b132-e70b8bd1b24f,0,1,0,1,0.0
65d6264c-2845-5d72-82ea-bb3dbd64e904,0,1,0,1,0.0
bb2c37db-cec1-50f1-a4ed-8e88cd964316,0,1,0,1,0.0
3b373e03-1814-5cf7-a316-ae6037cdd1f1,0,1,0,1,0.0
bb1db751-afde-5afa-bbe9-42c7cb475edc,0,1,0,1,0.0
bb0c5fa1-e1fb-5c7d-a3d0-d5e2799a2a3d,0,1,0,1,0.0
3b8ed16f-e7da-511a-9ee0-3887a5a25e28,0,1,0,1,0.0
3b972e16-1ab4-5626-94c9-9cfbf573b223,0,1,0,1,0.0
3bf5d75b-adeb-5d81-b1fc-fc351154e1ba,0,1,0,1,0.0
bace2556-a7c1-59bc-a0a1-16085fa6ba69,0,1,0,1,0.0
3c591040-76f8-5beb-bc4a-b7448d89f9ff,0,1,0,1,0.0
8b7d385c-48d4-5074-b3ed-c2cc0bc30e1c,0,1,0,1,0.0
8b82043a-c882-507b-8333-8099a2692fd9,0,1,0,1,0.0
766817e3-d31f-50d8-a500-7ce59db63a4c,0,1,0,1,0.0
3cda28ea-1dea-53ce-ae60-d6c00f72e511,0,1,0,1,0.0
3ce7b4ee-6928-5cfe-a95f-6bb028666fb5,0,1,0,1,0.0
ba5233f2-39dc-59bc-acfb-aa677b6977aa,0,1,0,1,0.0
ba0dffbb-df08-5fef-8d7a-6de66b929e9d,0,1,0,1,0.0
8b8bf0dd-7b7a-5188-a1fd-5b68d6856781,0,1,0,1,0.0
b9e2487a-9339-56b6-a784-9a2fd7be7bac,0,1,0,1,0.0
6566fc6a-455b-48e9-adf9-222f2b6317a0,0,1,0,1,0.0
3afefc93-c065-5b78-894b-a91226cfdcf3,0,1,0,1,0.0
bb5283f1-7439-5f57-87f1-344242998494,0,1,0,1,0.0
3acf4df5-c3af-50b0-82eb-7776c6f144b9,0,1,0,1,0.0
39faeb0c-10c1-5708-8d6e-703208ee2107,0,1,0,1,0.0
bd6cadbf-352a-5a11-8d88-b6086dba057c,0,1,0,1,0.0
399aacac-bd92-5ff5-9ba2-de4f6ff6c8b1,0,1,0,1,0.0
bd1f0e50-4a55-5004-9cb0-1c13522059d3,0,1,0,1,0.0
39c1e06e-015c-57bd-a9ca-50ab9b5a251a,0,1,0,1,0.0
bccce9aa-f7ed-4b07-a12b-5b250202cdca,0,1,0,1,0.0
bca206b7-1a78-5b51-879b-45b009dae52e,0,1,0,1,0.0
bc7c0fd7-6812-5e68-a3ef-766837964603,0,1,0,1,0.0
8b3c9830-511f-55d8-b1a9-76189b16bc71,0,1,0,1,0.0
3a03371d-5114-50ed-bc9b-881fb089fe6a,0,1,0,1,0.0
8b728929-5f4d-5dab-937f-24b0cec98c2d,0,1,0,1,0.0
bc2df8d9-ee9a-4ecb-9804-718a3c5b5450,0,1,0,1,0.0
65ba9f21-097f-526b-8a69-7171ded0ae8f,0,1,0,1,0.0
bbe41bb9-8392-59a9-8cd9-d9ee722259c6,0,1,0,1,0.0
bbe2bb80-5d07-532a-b89f-15d24b742b02,0,1,0,1,0.0
3a98e974-cc3f-532e-b7e4-fdc599d4577d,0,1,0,1,0.0
65b0fde9-6365-5557-b8d0-16e5fa759e6d,0,1,0,1,0.0
bbbcf9f4-1c7f-51f1-a4de-d4302d13c918,0,1,0,1,0.0
3aa45244-5403-5734-b6ac-27630816627d,0,1,0,1,0.0
ba88d221-f59d-514b-b0b0-a2d11b2753f8,0,1,0,1,0.0
